_AvgRewardSum,_AvgDiscountedRewardSum,_mean_obs,_min_obs,_max_obs,_std_obs,_mean_act,_min_act,_max_act,_std_act,_mean_adv,_min_adv,_max_adv,_std_adv,_mean_discrew,_min_discrew,_max_discrew,_std_discrew,_Episode,ValFuncLoss,ExplainedVarNew,ExplainedVarOld
1272.0,13.26320433907407,0.954,0,4,1.4058840000000001,0.491,0,1,0.249919,-1.8474111129762604e-16,-1.9572412779344557,6.466646288323776,0.9999996501136743,12.600631160948337,1.4580000000000002,49.60913821976397,32.69146131666232,1,143.71487133929455,-0.002263369161159101,-8.542173917414075e-05
2710.0,10.531783158488851,1.486,0,4,2.5418040000000004,0.358,0,1,0.229836,4.263256414560601e-17,-1.672750433355467,3.47478395333115,0.9999998768979302,27.00521395157361,0.0,83.72081138246402,267.7490959525374,2,763.0416511479283,-2.5132643846070835e-06,-0.0002811459106311087
2918.0,33.38552658415063,1.732,0,4,2.7481759999999995,0.259,0,1,0.19191899999999998,-6.750155989720952e-17,-1.7046084000031787,3.785808204969416,0.9999998818114119,28.87953026074265,0.0,92.96436214962324,286.70273034636773,3,770.603868198741,-3.130583103860829e-07,-2.2755053892264954e-06
3374.0,14.373843110094498,1.866,0,4,2.896044,0.274,0,1,0.19892400000000005,1.2079226507921704e-16,-1.7469314919531667,2.7419759745543937,0.9999998901219425,33.61063541200916,1.8,83.52752101116845,331.456528500051,4,944.3198916133375,-8.056477307505361e-08,-2.664915192962525e-07
3016.0,15.182302189365071,1.746,0,4,2.8214840000000003,0.281,0,1,0.20203900000000005,-3.019806626980426e-16,-1.6441368088963866,3.4397882794801893,0.9999998848583824,30.023359280295722,1.4580000000000002,89.77659840136253,301.7879532399697,5,678.9996598618044,-4.1731017974555584e-08,-9.10188775460341e-08
3252.0,11.820954594507272,1.779,0,4,2.878159000000001,0.256,0,1,0.190464,7.105427357601002e-17,-1.2778819378239525,3.314653192816428,0.999999896668439,32.413611408649444,7.67531032514855,96.57223254490184,374.68003476967255,6,783.9603733985383,-1.885467804108032e-08,-3.339016729775324e-08
2840.0,33.8830593577499,1.687,0,4,2.751031,0.292,0,1,0.206736,8.881784197001253e-17,-1.8445030916572782,3.672216355104963,0.9999998596888663,28.095052465780256,1.8,80.44124406602045,203.20823734412272,7,411.4942633773968,-2.2045863579123193e-08,-3.511687007851094e-08
2774.0,40.7193587303749,1.646,0,4,2.718684,0.291,0,1,0.20631899999999997,-2.842170943040401e-17,-1.4511000042515843,3.6196721714978994,0.9999998856088246,27.37352577142663,2.0,90.66123776002489,305.71469640298625,8,461.883665099822,-1.0740331513048318e-08,-1.4712864038202156e-08
2890.0,11.873461976459193,1.647,0,4,2.7383909999999996,0.287,0,1,0.20463099999999998,4.263256414560601e-17,-1.2419746196119257,3.3523705999954916,0.9999998843127539,28.793138842211878,7.319609935306629,86.75047676666367,298.89872634227083,9,465.3165135834518,-8.601223955295723e-09,-1.1046003889347844e-08
2970.0,36.854765635545405,1.691,0,4,2.779519,0.281,0,1,0.20203900000000005,-1.0658141036401502e-16,-1.2908347877317699,3.559970386264447,0.9999998804639371,29.368307109280096,7.768860440744663,88.93280395849277,279.95982990972,10,432.4402425811501,-7.2575077059156e-09,-9.176381210451723e-09
2924.0,12.060768500028894,1.751,0,4,2.734999,0.248,0,1,0.18649599999999994,-1.4210854715202004e-17,-1.7022718977776958,3.3240191378178374,0.9999998831348774,29.13145308349975,0.0,86.01900727372558,292.89740729761576,11,413.5845655092674,-5.523003610008459e-09,-6.652010942076458e-09
2590.0,14.603710815899847,1.506,0,4,2.603964,0.299,0,1,0.20959900000000004,-2.842170943040401e-17,-1.2276224470128732,4.350644684540859,0.9999998625811782,25.768566602656907,7.900141989595994,89.08927252923226,211.83379049112827,12,257.5872414226293,-7.075634078645976e-09,-8.109822813295864e-09
2968.0,14.813149812389987,1.649,0,4,2.7637989999999997,0.298,0,1,0.20919600000000002,-7.105427357601002e-18,-1.4046740816187555,3.2411920764898445,0.9999998993972009,29.5466816516885,1.62,93.98316451736878,395.2393520189755,13,488.3608049110459,-3.282425442563408e-09,-3.7109526562773e-09
2974.0,19.809346515257484,1.768,0,4,2.792176000000001,0.255,0,1,0.18997499999999998,5.684341886080802e-17,-1.8315238515528853,3.232515826393145,0.9999998760918987,29.561715881362687,0.0,81.73865855169245,260.54516538726534,14,336.1851816770619,-4.378921003578284e-09,-4.877583004159192e-09
2952.0,49.288577562469975,1.705,0,4,2.7539749999999996,0.275,0,1,0.199375,-9.947598300641403e-17,-1.2076598640333402,3.4841227102110657,0.9999998911612248,29.076402801937782,6.883281557154256,93.10084795280989,337.68542516742536,15,392.04654613650877,-3.185141705941419e-09,-3.3970530832760915e-09
3002.0,18.02769443045019,1.665,0,4,2.7807749999999998,0.305,0,1,0.211975,3.552713678800501e-17,-1.8708750015698292,3.4650877602833767,0.9999998746835774,29.857750750125952,0.0,85.1600663406441,254.72184587306307,16,309.57100314809827,-4.059998337524462e-09,-4.285419796801193e-09
3564.0,19.885436790110084,1.938,0,4,2.9461559999999998,0.249,0,1,0.186999,0.0,-1.6999134591359715,2.9351810281611663,0.9999998983901669,35.461031068889014,2.0,93.23534920243031,387.44145275279624,17,529.8683745378449,-2.266943743833849e-09,-2.5437443262887882e-09
2936.0,23.460576083055358,1.728,0,4,2.7820160000000005,0.282,0,1,0.202476,0.0,-1.6203489179106065,3.435700911449457,0.9999998888246643,29.148854815252513,0.0,90.95654380261465,323.63863435014906,18,344.5819008833579,-2.560254674932594e-09,-2.799425136146283e-09
3250.0,57.47991573657829,1.826,0,4,2.867724,0.264,0,1,0.19430399999999998,5.684341886080802e-17,-1.3718153776917423,3.0099446429303507,0.9999999084890422,31.982680758370805,2.0,97.76666160196866,477.6705747300415,19,521.7455471381619,-1.7692778353506355e-09,-1.7151597919706774e-09
3138.0,15.426862214946398,1.764,0,4,2.876304,0.287,0,1,0.20463099999999998,2.1316282072803006e-17,-1.786676656056273,3.4615191851985547,0.9999998856158866,31.241158240065488,0.0,91.76640744744412,305.73692854296365,20,332.0644139791153,-2.951393351935394e-09,-2.828655754072429e-09
2490.0,9.195102863613943,1.538,0,4,2.5405559999999996,0.291,0,1,0.20631899999999995,1.0658141036401503e-17,-1.7510406946374815,3.8971282386409416,0.9999998588896165,24.817244074227478,0.0,80.05325148898548,200.89199991601268,21,203.47617401364982,-5.251602264166877e-09,-4.515519735903695e-09
2678.0,21.331297085256676,1.592,0,4,2.681536,0.293,0,1,0.20715100000000006,1.4210854715202004e-17,-1.8036832338026547,3.8119252416911182,0.9999998643271761,26.588018326232696,0.0,82.7818404964789,217.31817072033454,22,217.37324128391614,-6.3616294454504896e-09,-4.933841335486022e-09
2654.0,12.395010977087285,1.554,0,4,2.6130839999999997,0.308,0,1,0.21313599999999996,-1.4210854715202004e-17,-1.7040311603670726,3.7011308244618966,0.9999998710506067,26.42844490120622,0.0,83.83388053509245,240.57259073235306,23,240.5762727402789,-7.619652020451895e-09,-5.706783934300574e-09
3126.0,16.68700618724342,1.826,0,4,2.833724,0.257,0,1,0.190951,-1.4210854715202004e-17,-2.045176831142115,3.1532373871248716,0.9999998685231742,31.109816944314815,0.0,79.07730115771882,231.41538046962336,24,251.28259726866665,-9.16931175432012e-09,-7.553816017136228e-09
2594.0,12.268600807455604,1.54,0,4,2.5924000000000005,0.298,0,1,0.20919600000000002,-1.4210854715202004e-17,-1.5019336926726667,3.905012337846937,0.9999998749834635,25.829582592732905,1.8,88.30285334232245,255.94949283993327,25,257.25815514755726,-1.1658057630370422e-08,-8.728175959760165e-09
3322.0,27.075790321078784,1.856,0,4,2.883264,0.265,0,1,0.19477500000000003,2.842170943040401e-17,-1.7912645950039061,3.1605179290340817,0.9999998913528567,32.9763178871103,0.0,91.15712685319617,338.88987670257274,26,370.98367456667273,-1.3131467913041206e-08,-8.34977265107284e-09
3150.0,46.65822245796226,1.688,0,4,2.8566560000000005,0.297,0,1,0.20879100000000003,-1.4210854715202004e-17,-1.732400558799805,3.213197225743877,0.9999998885104837,31.080075997878346,0.0,88.72318525241097,321.83540524521123,27,331.9657381483017,-2.4341742843603242e-08,-1.458291465361583e-08
2976.0,14.193094451534769,1.702,0,4,2.753196000000001,0.274,0,1,0.19892400000000005,-2.842170943040401e-17,-1.4933112360094483,3.4209104603149125,0.9999998939810557,29.632262149936192,1.4580000000000002,94.16848536902143,355.9127319884267,28,357.8208491853808,-6.382990092035357e-08,-2.142979349528673e-08
2930.0,25.228930206704092,1.682,0,4,2.7788760000000003,0.282,0,1,0.202476,0.0,-1.6271935154681776,3.707250032692422,0.9999998798097093,29.072939628139668,2.0,90.7666345350215,276.9619610957592,29,277.3216280655642,-1.098938689381157e-06,-8.314906940753986e-08
2748.0,17.862289237911206,1.645,0,4,2.6829749999999994,0.28,0,1,0.20159999999999995,2.842170943040401e-17,-1.723856900835099,3.6126224979962465,0.9999998736954435,27.31923939685881,0.0,84.53850505133593,250.93495365161047,30,269.59287480605605,-0.06297741374006294,-1.2029177325345586e-06
2840.0,21.806092741316363,1.796,0,4,2.732384,0.241,0,1,0.18291900000000003,1.4210854715202004e-17,-1.4225869829903643,3.7129041998155405,0.999999884342194,28.20374516532816,5.460324679676419,95.29397693786363,332.16761736116825,31,366.4284347750246,-0.061320306504918376,-0.04542036610137057
3124.0,27.02392181668839,1.754,0,4,2.8274839999999997,0.26,0,1,0.19240000000000004,7.105427357601002e-18,-1.5584188555811909,3.585443643171868,0.9999998820959749,30.99678470364981,8.324938227515817,96.82599933718811,351.85063417474834,32,414.3678295618976,-0.06097158950053161,-0.058731285623908835
2946.0,14.24190041374839,1.731,0,4,2.798639,0.274,0,1,0.19892400000000005,7.105427357601002e-18,-1.8754281751070372,3.684796678219424,0.9999998682732026,29.331822896276268,2.0,90.8107593821643,286.50819282878854,33,306.2517868754715,-0.05577049682639923,-0.0746816605203644
3288.0,36.66190628658503,1.848,0,4,2.874896,0.249,0,1,0.18699899999999997,0.0,-1.429393564216387,3.3756110241873194,0.9999998897791854,32.55004284342075,7.983558211611139,97.0592811915685,377.321999709073,34,434.29899891247453,-0.059092229384240635,-0.04150148442305657
3692.0,52.0288919916621,2.062,0,4,2.948156,0.236,0,1,0.180304,1.4210854715202004e-17,-1.7055464310590265,2.9358312123381474,0.999999891136807,36.451739972075046,7.170348633347886,94.87789128388192,416.60027794231974,35,495.8999226471356,-0.04764655948843832,-0.05312272504938731
2974.0,26.757453678453228,1.721,0,4,2.789159,0.284,0,1,0.20334399999999997,-1.4210854715202004e-17,-2.2628609170678393,3.5639500646578597,0.9999998673671157,29.49918291689393,0.0,88.0651244472117,280.19768850537855,36,307.0697983378115,-0.08818909024326405,-0.0720072089682402
2800.0,16.635514500319587,1.585,0,4,2.704775,0.296,0,1,0.208384,-4.263256414560601e-17,-1.699669414467646,3.5648743257196998,0.9999998716684176,27.85028036949713,0.0,89.44735515268866,311.8857753375145,37,345.6454718953672,-0.0969983494334481,-0.07778913421292932
3480.0,13.497893352822134,1.942,0,4,2.9086359999999996,0.252,0,1,0.188496,-4.263256414560601e-17,-1.8000181144086687,2.78823192047174,0.999999887689214,34.67851895982461,6.402969000000001,91.21607671304712,414.76859354633154,38,490.3497373381466,-0.0965926471932892,-0.08022042457630318
3268.0,16.702230465879367,1.784,0,4,2.869344000000001,0.26,0,1,0.19240000000000004,-2.842170943040401e-17,-2.3517068354951443,3.0687132399005366,0.9999998801799499,32.529679925807095,0.0,90.47989101468472,368.07329640745303,39,415.83348373281365,-0.10146117488933104,-0.10887859298748603
3130.0,19.401019235713235,1.781,0,4,2.845039,0.269,0,1,0.19663899999999995,0.0,-1.8791265745246504,3.6047411137367997,0.9999998751817282,31.12539082687859,2.0,95.45754206551595,326.9375613504263,40,369.0939808725969,-0.12310112420630248,-0.11445653143236534
3368.0,14.091717356864299,1.881,0,4,2.900839,0.251,0,1,0.187999,0.0,-2.0866644963582552,3.1766498656626325,0.9999998803752581,33.55317454378823,2.0,93.07507483788059,354.37403449685803,41,415.2426187301461,-0.13274146417308863,-0.113495497252178
2982.0,31.213658373657427,1.765,0,4,2.7737750000000005,0.252,0,1,0.18849599999999997,2.842170943040401e-17,-2.1003815887505692,3.4393270259991464,0.9999998616257139,29.539077074637092,0.0,86.63865966675347,262.92351480181617,42,308.34870286632383,-0.17250314482940698,-0.1772979456408832
2934.0,30.843514188924033,1.684,0,4,2.7741439999999993,0.292,0,1,0.206736,-1.4210854715202004e-17,-2.0397987506597373,3.4204200037763597,0.9999998715369783,29.062408372299693,2.0,90.17969516875876,313.2287479254864,43,367.44749069018735,-0.16787931500511077,-0.14412475611751185
3178.0,33.36911918754192,1.684,0,4,2.8741439999999994,0.289,0,1,0.20547900000000005,2.842170943040401e-17,-2.3900409007583456,3.2919308986394564,0.9999998713375968,31.47967792731213,0.0,92.39561688722554,335.15794813900334,44,389.1027011550635,-0.1443894191399926,-0.16061387566439245
2980.0,27.03374610499968,1.727,0,4,2.7884709999999995,0.258,0,1,0.19143600000000002,3.552713678800501e-18,-1.91463090846722,3.4888600663042606,0.9999998617379263,29.55669628505501,1.8,88.69586470136774,280.05710879450845,45,324.76584604019394,-0.1543217274486417,-0.17024917710452758
3612.0,24.971179715509933,2.195,0,4,2.7949750000000004,0.129,0,1,0.11235899999999999,-2.842170943040401e-17,-2.3909849582861873,2.6906133943642336,0.9999998770876414,35.89525938256041,1.4580000000000002,87.66751165477933,336.2490578548567,46,407.3719528447102,-0.16859589121692986,-0.13739947661981855
3346.0,16.584083141366513,2.058,0,4,2.8246359999999995,0.152,0,1,0.128896,0.0,-2.3396405498530926,2.6424715768672757,0.9999998728630257,33.310743251727715,2.0,82.1739457832453,299.1173776605733,47,342.43616647406196,-0.14284877629748816,-0.19434396252879504
3186.0,43.683319529036204,2.003,0,4,2.806990999999999,0.169,0,1,0.140439,-1.0658141036401503e-17,-2.1048053474269723,2.954442865824045,0.9999998609262926,31.466850124238686,5.922844492575938,80.93873932674391,252.71917337372074,48,299.4306568581013,-0.18464180064765734,-0.16876692211827105
3528.0,12.378213114320106,2.093,0,4,2.838350999999999,0.149,0,1,0.12679899999999997,1.0658141036401503e-17,-2.20380292167037,3.0008262247984345,0.9999998715542261,35.168596081971124,0.0,89.29669956781945,324.96880713578247,49,384.21739826930224,-0.15890608871560152,-0.1444183629894622
3612.0,15.516142129055448,2.176,0,4,2.825024,0.136,0,1,0.117504,4.9737991503207014e-17,-2.4096490117048828,3.032187691358413,0.9999998785187356,35.980354720838506,0.0,92.78750507973137,344.52677637803134,50,408.34511540303487,-0.17049987766232322,-0.14871785631464185
2752.0,8.180116494418609,1.85,0,4,2.6795,0.168,0,1,0.13977599999999996,-4.618527782440651e-17,-2.6356652522772808,3.128974308621703,0.999999850740992,27.446378951550237,0.0,77.2649402394144,209.5567133842186,51,276.23938246082207,-0.2487788523236516,-0.28802959953078644
3724.0,26.739979256192886,2.178,0,4,2.8363159999999996,0.129,0,1,0.11235899999999999,-1.1368683772161603e-16,-2.1761861296815193,3.004810353593848,0.999999884369589,36.999340186694276,2.0,96.62709377964306,389.2369815033609,52,459.1828335270758,-0.13080340091161302,-0.13999670289387178
3806.0,40.310882761680745,2.224,0,4,2.8098240000000003,0.125,0,1,0.109375,-2.842170943040401e-17,-2.2820942596235283,2.5064643144705645,0.999999889421524,37.69720205514488,0.0,90.61272729388514,420.700729683819,53,484.2659695284704,-0.12122870500273053,-0.12068778912013234
3540.0,22.873812465589992,2.165,0,4,2.7897749999999997,0.14,0,1,0.12039999999999998,7.105427357601002e-18,-2.3320937424601476,2.8347856375410427,0.9999998849403939,35.1941356878097,0.0,91.81221508659151,379.27513609149014,54,438.40566108619447,-0.14884079310225973,-0.134269027106503
3120.0,27.192467932263465,1.937,0,4,2.785031,0.164,0,1,0.13710399999999998,0.0,-2.1587080868134385,3.4121371733123214,0.999999861426958,30.95526778860964,6.561,89.51741632265998,272.33318688129555,55,340.61405411908237,-0.24471814531421132,-0.20345858243677895
3656.0,28.828187745404634,2.168,0,4,2.8277759999999996,0.127,0,1,0.11087099999999997,2.842170943040401e-17,-1.9992635588285452,2.89586929634381,0.999999890139886,36.30054631029137,7.023672109216629,97.86693953438103,427.79687550539035,56,513.8947751578313,-0.16959637394755656,-0.15847937353157504
3662.0,16.33435122432716,2.176,0,4,2.8330240000000004,0.139,0,1,0.11967900000000002,-2.842170943040401e-17,-2.4144350646337243,2.635673119620393,0.9999998660112352,36.47299083898107,10.0,85.38106806994388,288.94460202989154,57,355.7489923377087,-0.2161170068985312,-0.25166993639365254
3416.0,31.36667847255371,2.166,0,4,2.752444,0.117,0,1,0.10331099999999997,-3.552713678800501e-17,-2.257433879105631,2.992722083786203,0.9999998701227719,33.87769989374702,5.3633924604199,88.3372859506281,297.38169046070345,58,354.4224774172867,-0.19081929699190736,-0.20610890975473728
2956.0,12.687938133375757,1.985,0,4,2.7007749999999997,0.138,0,1,0.11895599999999999,-1.4210854715202004e-17,-2.5804624015398203,2.9073283943639265,0.9999998549455013,29.445808556799623,0.0,78.75744801613111,235.24744189433017,59,319.92669357149043,-0.3455213988862156,-0.2351963520726621
3754.0,14.984240245757771,2.185,0,4,2.8747749999999996,0.131,0,1,0.113839,-2.1316282072803006e-17,-2.4246496648594396,2.979310715086551,0.999999880274654,37.40514183778819,0.0,97.11042933702225,366.58499952758785,60,441.1572551854486,-0.17510947776756924,-0.2353467041419257
3920.0,33.30153898719092,2.255,0,4,2.835975,0.122,0,1,0.10711599999999999,-2.842170943040401e-17,-2.3729914980474947,2.6724433638718272,0.9999998729668972,38.90028614911529,7.232666754022138,89.43495427919048,328.32370795048024,61,385.1076960523154,-0.15803391814851353,-0.19413021811194997
3746.0,25.944125978465436,2.139,0,4,2.8976789999999997,0.153,0,1,0.129591,-2.842170943040401e-17,-2.435194361407737,2.7552820852100717,0.9999998860690035,37.22650286619382,0.0,93.11616248647421,402.42034735371044,62,466.02768058506985,-0.1515093477464622,-0.13131476689323818
3466.0,27.759123414014418,2.092,0,4,2.817536,0.151,0,1,0.12819899999999995,-4.263256414560601e-17,-2.331310417988377,2.9520691031288253,0.999999874388631,34.41016788927387,0.0,90.19144284317376,326.0368078059611,63,386.7726185075285,-0.18554519773602207,-0.1829045809596681
3372.0,26.577140779471407,1.993,0,4,2.8629509999999994,0.155,0,1,0.13097499999999995,-2.842170943040401e-17,-2.096205502807094,2.980907462706207,0.9999998798628232,33.48080573298476,0.0,92.90287313268786,366.72763657465515,64,433.757700378837,-0.18191938103058036,-0.16516824411450903
3944.0,10.979628361679545,2.223,0,4,2.879271,0.131,0,1,0.113839,3.1974423109204506e-17,-2.2017973791700083,2.676071790672247,0.999999890036087,39.34118334474489,1.62,97.31505336318926,446.0609025682469,65,524.4040472040654,-0.15007578285998546,-0.15453962623388828
3028.0,14.716426879853046,1.931,0,4,2.7562389999999994,0.15,0,1,0.12749999999999997,4.9737991503207014e-17,-2.822938535017739,3.120517460013727,0.9999998536698187,30.14755215808133,0.0,83.23349783377827,237.78680295902333,66,316.1704019028272,-0.2863342667870594,-0.2644927896332847
3774.0,30.890366234049317,2.221,0,4,2.8201590000000007,0.117,0,1,0.10331099999999997,-4.263256414560601e-17,-2.297868371844694,2.68690101442627,0.9999998831425858,37.461986703893565,0.0,93.20554148645273,384.96808776836696,67,457.32297332145475,-0.18411177178548987,-0.18908787363401625
2984.0,30.139884002415343,1.878,0,4,2.7471160000000006,0.166,0,1,0.138444,-3.552713678800501e-17,-2.328576818230538,2.9404127345257702,0.9999998607149567,29.568741043978267,2.0,82.535649846746,262.09489713690783,68,350.04872709139397,-0.30816806186796075,-0.25741860772876635
3556.0,41.79068283773204,2.127,0,4,2.818871,0.138,0,1,0.11895599999999999,-1.0658141036401503e-17,-2.45103906203048,2.9147517837349257,0.9999998785544704,35.183883854460426,0.0,94.33851829455246,360.49166127967186,69,459.6320909952933,-0.2572543302490884,-0.23746907656396732
3736.0,18.78981616917741,2.193,0,4,2.8457510000000004,0.135,0,1,0.116775,-2.842170943040401e-17,-2.7598489000706574,2.547100783084082,0.9999998767169971,37.19089165447741,2.0,88.24575309251024,347.4842638067494,70,422.22471576246016,-0.19284617180729335,-0.27101035240901017
3248.0,16.793473008741827,2.067,0,4,2.786511,0.137,0,1,0.11823099999999999,-4.618527782440651e-17,-2.413426743438414,3.324322816630197,0.9999998735574679,32.32885874292133,1.62,94.89383238399547,320.4274011361207,71,417.66751620000446,-0.27527338001898105,-0.2009408184861181
3098.0,13.150355859232409,1.966,0,4,2.772843999999999,0.152,0,1,0.128896,1.0658141036401503e-17,-2.1467449387012323,3.3306727729717998,0.9999998636672627,30.861646797266918,1.62,90.15489237627821,272.2245820772402,72,366.58984062705815,-0.3394987558730487,-0.32447512767617215
3658.0,9.171515481499721,2.183,0,4,2.8415110000000006,0.134,0,1,0.11604399999999998,4.263256414560601e-17,-2.767658894041346,2.632744741337494,0.99999987828616,36.49745636066651,2.0,90.73934312642784,350.83944347551045,73,436.639922935362,-0.22596894074111207,-0.27333713657808856
3436.0,33.11562973688788,2.043,0,4,2.8511509999999998,0.164,0,1,0.13710399999999998,0.0,-2.342923699943159,2.7478281554055544,0.9999998667915889,34.06195933236802,10.0,86.43288642504153,296.8505366111605,74,359.25123793052234,-0.20661374876137595,-0.26376846049835634
3272.0,27.354272759803486,2.06,0,4,2.7724,0.125,0,1,0.109375,-2.842170943040401e-17,-2.2870698072401328,2.783856126878277,0.999999863981477,32.47381154516178,0.0,82.948406970799,280.00272721832414,75,361.1166965628604,-0.274312418273686,-0.2148552438526019
3238.0,20.000268799110888,2.027,0,4,2.790271,0.159,0,1,0.13371900000000003,-2.1316282072803006e-17,-2.0943089078696215,2.6721613548201852,0.999999870541536,32.19999758080801,0.0,83.7709730680909,305.09314304129066,76,380.8311168288383,-0.23727064578377544,-0.2530618516937384
3560.0,20.59445643902571,2.165,0,4,2.8257749999999997,0.137,0,1,0.11823099999999999,-4.9737991503207014e-17,-2.6426173018056023,3.228556828503941,0.9999998709868791,35.41464989204878,2.0,94.81671320382979,306.7187614070017,77,384.0468237271237,-0.25190144987811913,-0.23933271078622487
3420.0,19.489935325385257,2.064,0,4,2.8359039999999998,0.156,0,1,0.13166399999999998,-2.1316282072803006e-17,-2.2902449375279716,2.961534934042054,0.9999998810439039,34.02459058207154,0.0,93.71780021775422,376.44986591347504,78,444.3516015991527,-0.1788977060041521,-0.20565967685433262
3712.0,31.981530806157398,2.192,0,4,2.8051360000000005,0.126,0,1,0.110124,0.0,-2.395082184685039,2.812654654069864,0.999999891138847,36.83216622274459,2.0,97.67668887240356,438.68119313507486,79,521.1946513578363,-0.1763301497193268,-0.15343497667451977
3522.0,22.71991420486932,2.147,0,4,2.819391,0.128,0,1,0.11161599999999997,0.0,-2.401144439137062,2.7100077181575015,0.9999998794441256,35.01552077215619,0.0,90.37227094701267,352.60949768597027,80,426.51095628406114,-0.20952814413758825,-0.21911775212120355
3472.0,16.476596193182438,2.092,0,4,2.8155360000000003,0.14,0,1,0.12040000000000001,-7.105427357601002e-18,-2.411874269530911,2.840560185078771,0.9999998877914497,34.57171063426137,0.0,95.61916397864253,425.3181190797828,81,512.8573533392614,-0.2050320939817767,-0.17278985376236244
3248.0,33.54005616426877,1.998,0,4,2.8099959999999995,0.166,0,1,0.13844399999999998,-1.0658141036401503e-17,-2.510632675710977,3.2184625919618997,0.999999872437361,32.17813949452159,0.0,93.28203621404641,321.8758966565337,82,415.9152326073805,-0.29126560483794584,-0.27128051801324715
3182.0,31.0244375132518,2.004,0,4,2.7659839999999996,0.157,0,1,0.132351,0.0,-2.4400547223939566,2.673374734684297,0.9999998699286816,31.54078006238074,4.757947038428448,84.90718040542559,309.41014816068906,83,396.41621683460755,-0.27855035540667816,-0.2986385465302781
3638.0,28.65928671149889,2.164,0,4,2.8311040000000003,0.138,0,1,0.11895599999999999,-3.907985046680551e-17,-2.400269146877121,2.780238345600329,0.9999998865200167,36.12206641959652,0.0,95.17559304581717,408.65375284084047,84,503.33328561099574,-0.22174614209948418,-0.22124002525034503
3620.0,19.13500640946663,2.12,0,4,2.8855999999999993,0.162,0,1,0.13575600000000002,-2.842170943040401e-17,-2.8573743410580787,2.6611361039799415,0.9999998742123908,36.02778494231481,2.0,89.74331268323701,323.1522535263498,85,404.41331814953696,-0.2502260553817115,-0.28287108927931026
3144.0,17.634047592384306,1.96,0,4,2.7664,0.154,0,1,0.13028399999999998,-3.375077994860476e-17,-2.0161321861965407,2.9714481577671332,0.9999998829586491,31.281293571668545,6.284727656395109,93.24250617951589,382.05582112352215,86,433.43968986858243,-0.13447793811252073,-0.20244782345454504
3980.0,28.548194771009918,2.307,0,4,2.828751,0.114,0,1,0.101004,5.684341886080802e-17,-2.215630884563594,2.6900759122376168,0.9999998805044271,39.543066247060914,2.0,92.54565198937586,365.0833406255689,87,459.88706138860215,-0.21375321618140108,-0.1506823146859937
3078.0,11.296075867433904,1.965,0,4,2.7497749999999996,0.151,0,1,0.12819899999999995,0.0,-2.3209842430896046,3.228183951588721,0.9999998630013827,30.678335317193106,5.979964401,88.85322034574149,273.93707799916507,88,368.84607151849593,-0.31808241524843783,-0.26442921432165756
4004.0,23.487005706081174,2.275,0,4,2.867375,0.13,0,1,0.11310000000000002,1.4210854715202004e-17,-2.7743578910483784,2.650125390705163,0.9999998739702401,39.828616948645276,1.8,92.02015742820704,326.9811070722843,89,427.5176463999522,-0.23593108090010606,-0.2819758345162351
3510.0,11.675331156165113,2.062,0,4,2.844156,0.144,0,1,0.12326399999999998,-2.842170943040401e-17,-2.227037186556003,2.783775398308353,0.9999998817431374,34.994922019594526,7.060373416248375,91.50416501516997,389.8479961480125,90,462.8912980673085,-0.18516000342608874,-0.1909540125376601
3772.0,35.209332869915926,2.238,0,4,2.797356,0.11,0,1,0.0979,-2.842170943040401e-17,-2.469343206480418,2.6754397249136566,0.9999998795843293,37.40311600417077,0.0,91.08985596468182,353.18980458171814,91,438.2758643340787,-0.23887152670390188,-0.20409716957556467
3554.0,16.785340430334294,2.069,0,4,2.8822389999999998,0.169,0,1,0.14043899999999998,-1.4210854715202004e-17,-2.5196191595124895,2.9938110900101504,0.9999998615483161,35.388931936127,0.0,89.25463631541518,284.030149381623,92,366.16142213695264,-0.2879756857857849,-0.30239330949578935
3338.0,27.246876074780896,2.023,0,4,2.856471,0.163,0,1,0.136431,1.2434497875801754e-17,-2.136286234696005,2.7024568360920496,0.9999998745191317,33.134778115326974,0.0,86.82127351981275,325.9077248185957,93,411.2036420312127,-0.2545051953154276,-0.24866593168346518
3108.0,12.919007360128779,1.9,0,4,2.818,0.188,0,1,0.15265600000000001,-3.552713678800501e-17,-2.404053051476198,3.119733839298425,0.9999998598652472,30.963728933758848,5.722921614702111,87.35844155189194,252.43207629503019,94,310.69040049290226,-0.23064625318635756,-0.3214999146347943
3944.0,32.743567134512965,2.173,0,4,2.9410710000000004,0.148,0,1,0.126096,-7.105427357601002e-17,-2.6515026305574483,2.8542417087979204,0.9999998757575486,39.145307895789394,0.0,94.04903057618324,344.26582938670924,95,430.0511966232952,-0.21499384847273828,-0.18142725408756122
3524.0,46.52792047508824,2.148,0,4,2.790096,0.14,0,1,0.1204,0.0,-2.197894088880624,2.8065996042921637,0.9999998738706939,34.82124871572422,6.819357639865068,89.35496197645926,318.24920230895174,96,393.56812357021425,-0.23072386324659488,-0.22129630922434385
3594.0,37.587415309141136,2.171,0,4,2.801759,0.128,0,1,0.11161599999999997,1.4210854715202004e-17,-2.1709838145015423,3.011672642627236,0.999999877592177,35.60171326221773,8.054470003586353,94.67852952570279,350.74206294864945,97,435.04874676604453,-0.2401649503739105,-0.21084334777779845
3692.0,22.405877912526684,2.147,0,4,2.871391,0.15,0,1,0.12749999999999995,-1.4210854715202004e-17,-2.2147236719400283,2.663426035188513,0.999999882560041,36.71834709878727,2.0,92.41212981647969,390.24272045013316,98,485.70181028778865,-0.24008402320209332,-0.22002949584381515
3494.0,31.453734371259756,2.076,0,4,2.834224,0.146,0,1,0.124684,-1.4210854715202004e-17,-2.3637669593922235,2.850826303081436,0.9999998680115403,34.656916390658665,7.6530871924272885,89.015895424958,305.73019137273695,99,389.46285715183836,-0.2711271578295964,-0.3024145087496548
3498.0,20.66085080219287,2.126,0,4,2.8021239999999996,0.146,0,1,0.124684,-3.552713678800501e-17,-2.442993383056529,2.531085849946756,0.9999998730173625,34.79405234278027,1.8,85.05506745328505,317.70736282778336,100,395.50465303941695,-0.24417505776058102,-0.25889574683456096
3186.0,12.754465198656515,2.044,0,4,2.754064,0.137,0,1,0.11823099999999999,-7.105427357601002e-18,-2.4687063196510346,2.7563052122417364,0.9999998666314722,31.745209813212096,2.0,83.77449379668691,278.36451873403996,101,322.57109366741804,-0.15649809400661385,-0.2728919198407256
3232.0,6.010675825909367,2.049,0,4,2.748599,0.141,0,1,0.121119,-1.4210854715202004e-17,-2.2505880291540348,2.862889855819811,0.9999998599945014,32.265903917566824,6.010675825909367,81.55653144292012,257.1046952416903,102,319.88654244584274,-0.2383949223852253,-0.16907329395947923
3722.0,32.329889389609036,2.204,0,4,2.852384,0.135,0,1,0.11677500000000003,0.0,-2.8584954021985083,2.8299964708991436,0.9999998703968751,36.92903099549353,0.0,89.78325403774663,299.64924044690775,103,361.7420621034389,-0.19988859715294227,-0.21524470352689695
3564.0,15.96769469640784,2.097,0,4,2.8575909999999998,0.162,0,1,0.135756,0.0,-2.297690351667755,3.008514186198836,0.9999998679185556,35.49629074773234,8.807993363872548,90.2746689828754,299.2992550771929,104,365.009139053686,-0.2174841903000322,-0.1987078104015827
3718.0,35.25174238360598,2.159,0,4,2.849719,0.152,0,1,0.128896,2.842170943040401e-17,-2.190390459530536,2.918205485485854,0.9999998779446401,36.86273431854755,8.886551005405707,93.70949137686516,344.4254316208833,105,416.7878057475831,-0.20772499668208955,-0.1890485862463498
3250.0,21.092546654679833,2.028,0,4,2.7732160000000006,0.136,0,1,0.11750399999999996,-5.684341886080802e-17,-2.608813589454825,2.7230612934753147,0.999999871194053,32.31016708010789,0.0,84.78925549835357,316.5362671644063,106,394.3355604573552,-0.23716528639273093,-0.21931287363061602
3300.0,13.16034068866959,2.123,0,4,2.7618709999999993,0.147,0,1,0.12539100000000003,0.0,-2.418718465388537,2.6226703208596795,0.9999998830248624,32.881556933801974,0.0,88.19590538466501,379.632024138589,107,440.58012965811344,-0.16049025803748052,-0.19757415326879468
3650.0,24.577345707397694,2.176,0,4,2.839024,0.135,0,1,0.11677500000000003,-1.4210854715202004e-17,-2.032762330833474,3.0333850337878356,0.9999998873839968,36.278803888633426,0.0,99.47741458460168,420.40116657430207,108,512.4109159613938,-0.21264713476312136,-0.15001676381344176
3376.0,21.070885981857607,2.09,0,4,2.8179,0.146,0,1,0.124684,-1.0658141036401503e-17,-2.3075667163570284,2.7232495380549926,0.9999998739025202,33.57036202616329,0.0,88.2489067772369,323.7183140600618,109,406.0002599465859,-0.2539378463587285,-0.2724038216891014
3228.0,19.7562672730909,2.032,0,4,2.8169760000000004,0.153,0,1,0.129591,1.0658141036401503e-17,-3.0057410193725618,3.077776874520343,0.9999998563271543,32.10219359454219,2.0,84.49841629113934,251.82860823165743,110,318.4561560492988,-0.25457417861205833,-0.32189112962812216
3674.0,10.453198289132896,2.155,0,4,2.848975,0.129,0,1,0.11235899999999999,-2.1316282072803006e-17,-2.640219429821042,2.873527094902068,0.9999998813012584,36.64592121539781,0.0,94.29960248175924,375.7441651809907,111,461.4986951633214,-0.21401163113372523,-0.17693685126954706
3120.0,26.367803962054648,2.001,0,4,2.772999,0.154,0,1,0.13028399999999998,2.842170943040401e-17,-2.7076539954509555,2.840192574078877,0.9999998656766073,30.962689764341516,0.0,84.24977493646793,287.46891351483646,112,390.02879475110115,-0.33786394256253516,-0.26752832308638386
3942.0,21.717599214421924,2.271,0,4,2.8575589999999997,0.139,0,1,0.11967900000000002,-2.842170943040401e-17,-2.5943988276558776,2.405710730914978,0.9999998805052237,39.22454160707022,0.0,90.04068453328871,362.40146967483855,113,469.6184551317409,-0.24277825685541154,-0.27866213794358674
3324.0,28.659482944965728,2.026,0,4,2.8173239999999993,0.142,0,1,0.12183599999999999,0.0,-2.933727896140827,2.7147315169686745,0.9999998623135887,32.98206465349532,0.0,84.00445890187541,265.47074526410665,114,338.50965690565965,-0.24469226378762432,-0.3197350676888713
3840.0,27.65340642812087,2.229,0,4,2.826558999999999,0.12,0,1,0.10559999999999999,2.1316282072803006e-17,-2.434628331261458,2.475245235525134,0.9999998802796103,38.15111934214692,0.0,88.34323612610794,367.48708638465365,115,442.146348979304,-0.19305922561076772,-0.18018987822486676
3592.0,46.35936756794889,2.123,0,4,2.8358709999999996,0.132,0,1,0.11457600000000003,-2.842170943040401e-17,-2.268655983061308,2.5816438414203238,0.9999998859284142,35.50276569188847,0.0,90.56816771958721,397.9570704000528,116,468.32423293065364,-0.1706106034481938,-0.17723895893285402
3564.0,22.304363356161463,2.099,0,4,2.8891990000000005,0.172,0,1,0.142416,-2.842170943040401e-17,-2.438380182069045,2.952510884756197,0.9999998637661714,35.439260729794555,8.521630488658364,86.86207274631202,272.7268585976558,117,346.82529219618584,-0.2715201578977322,-0.2507707128725949
2988.0,30.654756883491828,1.995,0,4,2.7089749999999997,0.144,0,1,0.123264,-4.263256414560601e-17,-2.596926350358207,2.907289487273941,0.9999998651095946,29.60410718804858,0.0,83.61020292539496,278.28717364866867,118,376.39831133032226,-0.3197500700146818,-0.24721274950373662
4020.0,15.182140911440182,2.317,0,4,2.7845110000000006,0.1,0,1,0.09,-9.237055564881302e-17,-2.275070871379333,2.44244297906758,0.9999998874939211,40.06336073179705,0.0,93.97140737091468,413.7120759848268,119,524.1660333339934,-0.2193580981069383,-0.22966053858770885
3558.0,33.89388440345723,2.092,0,4,2.869536,0.144,0,1,0.12326399999999998,-5.684341886080802e-17,-2.4895708036574,2.8066476405005965,0.9999998885286316,35.274955040368894,0.0,97.02384323399096,431.3212165759974,120,502.56174463837385,-0.15958793289463435,-0.2112610292028103
3622.0,27.48082593729334,2.106,0,4,2.874764,0.149,0,1,0.12679899999999997,4.9737991503207014e-17,-2.2995945924131562,2.9872245827882447,0.9999998763586959,35.97267256656437,0.0,93.83131825874506,342.4339989536471,121,429.2100931295993,-0.25333676622887635,-0.20161748406613667
2904.0,37.210762833735245,1.863,0,4,2.762231,0.178,0,1,0.146316,1.4210854715202004e-17,-2.4122325406851304,3.113359700331663,0.9999998640553449,28.705103134496394,0.0,86.3698005486446,273.05370316322023,122,375.7993865387037,-0.33342974850341567,-0.30342009888781574
2924.0,22.32837972103664,1.889,0,4,2.7486789999999997,0.149,0,1,0.12679899999999997,-3.552713678800501e-18,-3.0050125907546055,3.1603832034376755,0.9999998505572926,29.039044582510673,0.0,82.79388017624142,211.72455671208735,123,263.615711887052,-0.24491826770322067,-0.4312168118923758
3924.0,23.04046316030503,2.266,0,4,2.8312440000000008,0.121,0,1,0.10635900000000001,1.2434497875801754e-17,-2.636586672774216,2.6992464628388917,0.9999998826349279,39.032635831557265,0.0,92.92711914075416,379.4563179261368,124,466.2833411968759,-0.2040966312027519,-0.1434906227814552
3380.0,25.873439040888538,2.027,0,4,2.8422710000000007,0.155,0,1,0.13097499999999995,-5.3290705182007515e-18,-2.782779316252088,2.922801299497794,0.9999998574354442,33.56713904863201,0.0,85.46206933265924,253.20156242227227,125,340.132968499094,-0.33580659975011273,-0.2997384696873642
3440.0,21.199930799303186,2.089,0,4,2.8030790000000003,0.132,0,1,0.11457600000000003,-2.1316282072803006e-17,-2.2959993114490875,3.0435822167246074,0.9999998884738206,34.20920062280627,2.0,99.55477254192047,417.71338887583244,126,496.69789114236795,-0.18882395310212718,-0.20203788588447757
3614.0,28.807787319153565,2.232,0,4,2.758176,0.114,0,1,0.101004,2.842170943040401e-17,-2.3863092170735642,2.679773630300816,0.9999998771013124,35.88072991412762,5.979964401,89.82520088844582,343.25696389834104,127,430.3251068714748,-0.2496539699086855,-0.23075747391752222
3482.0,26.791766769094405,2.145,0,4,2.743975,0.118,0,1,0.10407600000000002,3.552713678800501e-17,-2.2615280119516132,2.7416620095927704,0.9999998779614869,34.578874099078156,1.4580000000000002,88.24949457180081,349.80158231011603,128,430.4653578624919,-0.22942275380846677,-0.24055708775249407
3636.0,40.9552863806487,2.071,0,4,2.919959,0.172,0,1,0.142416,1.0658141036401503e-17,-2.573866126249853,3.1383026808065875,0.9999998785973404,35.99140242257417,2.0,96.91953711933347,354.9290179846386,129,438.62531898407144,-0.23273461959169106,-0.23481625079644997
3384.0,20.020715913138453,1.983,0,4,2.862711,0.173,0,1,0.14307100000000003,-7.105427357601002e-18,-2.6156945928408493,2.9278965131643298,0.9999998668921126,33.659813556781764,0.0,89.24589084450011,293.4964744255846,130,380.6974060472286,-0.2873228417243685,-0.2739121581196162
2944.0,22.18140522973028,1.933,0,4,2.7245110000000006,0.148,0,1,0.126096,-7.105427357601002e-18,-2.4703892829331817,2.914392872961751,0.9999998577778144,29.240367352932438,2.0,81.11073456623114,248.71586309464314,131,347.7549225871722,-0.38179054925955525,-0.3281741791025068
3400.0,17.172512080097132,2.102,0,4,2.8155960000000007,0.142,0,1,0.12183599999999999,-2.1316282072803006e-17,-2.7026796438457916,2.91621748650217,0.999999867543607,33.84544739127913,0.0,88.25480917953543,290.4177783535055,132,377.7491254404126,-0.2959981964135334,-0.34600772126283696
3904.0,11.54648643365227,2.243,0,4,2.853951,0.142,0,1,0.12183599999999999,1.4210854715202004e-17,-2.6604051541738745,2.7262713573910564,0.9999998838713753,38.93608162209715,2.0,95.30745955565493,388.305588690864,133,476.83261360032355,-0.2016431039988189,-0.22804495015074022
3184.0,21.76900889655962,1.986,0,4,2.7718039999999995,0.154,0,1,0.13028399999999998,-2.842170943040401e-17,-2.15053901989232,3.156706395828772,0.9999998804779834,31.644078919930973,2.0,95.19801837175278,364.89827463054075,134,435.37035572461457,-0.18407646737505767,-0.2068834038482248
3620.0,22.33538685144112,2.128,0,4,2.8756160000000004,0.169,0,1,0.140439,7.105427357601002e-18,-2.63455173551541,2.92644916598057,0.9999998762298798,35.99898151833704,0.0,92.17821806791612,334.2149968615441,135,413.7227513867515,-0.22905703391322785,-0.21361735356810319
3682.0,17.20777558140369,2.165,0,4,2.8297749999999997,0.123,0,1,0.10787099999999998,1.4210854715202004e-17,-2.7997179794216738,2.9937070467268296,0.9999998760709159,36.66513001976737,0.0,94.48015091261,332.45502085856464,136,406.9094488374692,-0.22353310492740985,-0.22984455433219209
3440.0,15.924599139896792,2.122,0,4,2.8171160000000004,0.118,0,1,0.10407600000000002,2.1316282072803006e-17,-2.532785845997943,2.8697975569611724,0.999999862510172,34.25667860774094,5.7626721000000005,85.77525824349043,265.4278689768767,137,345.9142061922314,-0.29191813949932555,-0.278385773715051
3618.0,49.5120276769701,2.155,0,4,2.822975,0.136,0,1,0.11750399999999997,2.842170943040401e-17,-2.1222653477033218,3.006012897904975,0.9999998799855726,35.73439175090728,9.250808701647818,95.46104532700903,358.7171620147205,138,433.4531047494493,-0.20578408690805117,-0.2164078754002292
3912.0,35.28252199570851,2.265,0,4,2.8527750000000003,0.129,0,1,0.11235899999999999,5.684341886080802e-17,-2.7703282023442592,2.753442886210973,0.999999880717366,38.80245730203863,2.0,94.61652997350245,374.0248599166181,139,450.675696379584,-0.2002981751109416,-0.20133760773472154
3322.0,13.453446599539996,2.053,0,4,2.8401910000000004,0.161,0,1,0.13507899999999998,-2.842170943040401e-17,-2.2915152644488184,2.6560698776146685,0.9999998817603191,33.09891898060415,2.0,87.48739808634649,358.87171190421293,140,439.59383541187907,-0.21746679365717325,-0.20918611295270173
3978.0,48.077658902822904,2.264,0,4,2.8563039999999997,0.117,0,1,0.10331099999999997,-2.4868995751603507e-17,-2.585447819532086,2.5282210993727414,0.9999998818017659,39.347301069874604,1.4580000000000002,91.94082201658182,380.46699082989556,141,464.10013377387156,-0.20649860323657343,-0.21136911949265125
3384.0,16.93652076541723,2.07,0,4,2.8510999999999997,0.151,0,1,0.12819899999999995,3.552713678800501e-18,-2.5126048667936023,2.8454432329263954,0.9999998687484679,33.68757131311125,0.0,87.06548408127308,295.9142304575201,142,376.7087597752357,-0.25959961442228807,-0.2647318924533191
3650.0,10.410804470879523,2.125,0,4,2.875375,0.149,0,1,0.12679899999999997,3.1974423109204506e-17,-2.6475724928671256,2.5552113794670555,0.9999998809505096,36.4063027597621,2.0,89.40541651888503,366.6059096570233,143,443.717605403425,-0.203144418851674,-0.2118597145566301
3880.0,47.02162977450923,2.254,0,4,2.811484,0.125,0,1,0.109375,2.842170943040401e-17,-2.8026233103198694,2.9176289953551806,0.9999998785068188,38.37680533202943,0.0,96.165829064004,349.5145175844066,144,428.576370951285,-0.21998065635068786,-0.21241146131648492
3306.0,35.60711161511302,2.048,0,4,2.819696,0.143,0,1,0.12255099999999998,-2.1316282072803006e-17,-2.2738980781534748,2.721831480464297,0.999999874294014,32.739535995463996,5.451664580054366,86.3892585227425,326.30401346177143,145,408.0768813659242,-0.21965662248709483,-0.23417829136432577
3568.0,35.96509787712748,2.073,0,4,2.8976710000000003,0.154,0,1,0.13028399999999998,-2.1316282072803006e-17,-2.575934838071158,2.710492578987048,0.9999998761776412,35.35631411910586,2.0,89.18728138573242,357.7397169303106,146,470.594561159461,-0.3060032102762318,-0.20553036782445244
3538.0,11.016457933137135,2.096,0,4,2.856784,0.155,0,1,0.13097499999999995,1.4210854715202004e-17,-2.5657214929574743,2.6608434634425167,0.9999998831192758,35.28085187860177,2.0,93.23416468680259,387.9798574965211,147,481.37112117322056,-0.23721647375308086,-0.2788091514937543
3172.0,23.029038859791385,1.997,0,4,2.766991,0.151,0,1,0.12819899999999998,-5.684341886080802e-17,-2.564360514450526,2.9875822060663406,0.9999998774441226,31.51273865026189,0.0,90.88722171391878,339.1650106655399,148,433.44321897743964,-0.27053702643318744,-0.26611719881449636
3468.0,14.18172563160737,2.109,0,4,2.8251190000000004,0.145,0,1,0.12397499999999996,2.842170943040401e-17,-2.774644943426933,3.021164726895094,0.9999998751863389,34.55236446931554,0.0,94.87138618261233,328.8527233312382,149,427.859862929346,-0.29784245505273743,-0.2889330363859688
3170.0,16.976052572053042,2.044,0,4,2.7500640000000005,0.14,0,1,0.12039999999999998,-2.842170943040401e-17,-2.584382809069179,2.835890619935601,0.9999998665600149,31.54721552685153,0.0,85.31090736971566,283.74393665598075,150,354.6756466734447,-0.23900834016111627,-0.33241750893557165
3514.0,16.090949374045564,2.105,0,4,2.851975,0.134,0,1,0.116044,-1.4210854715202004e-17,-2.5530152552945355,2.99695051467429,0.9999998717414904,34.9951814556336,0.0,89.67012478707983,309.06818441631026,151,385.92133009733294,-0.24834969441253518,-0.23082727503374212
3660.0,30.475286922175236,2.179,0,4,2.818959,0.139,0,1,0.11967900000000002,-1.4210854715202004e-17,-2.2029269371510027,2.69341732895247,0.9999998819176305,36.32572241770043,8.079815024271557,92.20282960822033,367.8318173702339,152,447.55283801672937,-0.21545016727320565,-0.20831189566730535
3830.0,28.876175413722454,2.237,0,4,2.826831,0.141,0,1,0.12111899999999999,0.0,-2.5063380924794503,2.544495236768043,0.9999998905736184,38.040114421276506,0.0,94.31473947600782,440.71874859525866,153,528.7788045551654,-0.1942545194194445,-0.18100054683143352
3564.0,25.31351903572617,2.105,0,4,2.817975,0.142,0,1,0.12183599999999999,1.4210854715202004e-17,-2.1509293356157446,2.663115297146386,0.9999998785340836,35.41217832867848,0.0,89.75007708855964,365.3730542054723,154,449.17531975218617,-0.22879441499816688,-0.2327967333253993
3600.0,17.56006612913651,2.183,0,4,2.8095110000000005,0.131,0,1,0.113839,2.842170943040401e-17,-2.3639434254989933,2.916223393087811,0.9999998708108286,35.84195940483777,9.899968588816083,91.74318496084231,293.1756763355367,155,367.483592717044,-0.2529738386915539,-0.2853479143505746
3388.0,14.264964214587108,2.107,0,4,2.783551,0.136,0,1,0.117504,-1.4210854715202004e-17,-2.8627649925302663,3.142743554736174,0.9999998641508732,33.75161532206873,2.0,90.41439763179551,271.30324327034384,156,306.3091732173439,-0.1221440821619928,-0.2698786163067213
3400.0,10.01996323274653,2.022,0,4,2.8335160000000004,0.159,0,1,0.13371900000000006,-1.4210854715202004e-17,-2.265851538011978,3.0249613807991103,0.9999998787346692,33.90982033090529,2.0,91.06010483216076,345.39549923809363,157,428.3716265681321,-0.23971257856070372,-0.09687676451003391
3186.0,28.767220595396395,2.019,0,4,2.7746389999999996,0.151,0,1,0.12819899999999995,4.263256414560601e-17,-2.71785208644109,2.59728559648638,0.9999998632776324,31.60109501464144,0.0,81.06301836319595,270.22169421065706,158,355.93646030756594,-0.29500894222161467,-0.29998820011876215
3862.0,16.741203490835172,2.245,0,4,2.838975,0.12,0,1,0.1056,2.4868995751603507e-17,-2.5936697977226384,2.6367645882177695,0.9999998709873786,38.4693291685825,0.0,89.2742890870087,307.67574769921345,159,382.2876452434449,-0.2192304672427854,-0.2697303792838095
3228.0,47.02193122539232,1.996,0,4,2.8179839999999996,0.16,0,1,0.13439999999999996,3.1974423109204506e-17,-2.4556974741958078,2.7076523573688225,0.999999861867693,31.856802618971475,0.0,81.32968895021709,273.49103391458254,160,358.1791404648736,-0.2770688481707344,-0.23922695739909794
3388.0,42.18315359466609,2.051,0,4,2.8403989999999992,0.163,0,1,0.136431,0.0,-2.4410151435827285,2.93489482868565,0.9999998732020631,33.50035161764802,0.0,90.21492346748317,329.1350848965208,161,409.2446930394621,-0.24126468300746695,-0.232742341157542
3406.0,15.122354992249413,2.111,0,4,2.7766789999999997,0.143,0,1,0.12255100000000001,4.263256414560601e-17,-2.5688963593159553,2.964747816125716,0.999999879361973,33.92389880506977,0.0,93.73962215818048,359.75908436419684,162,444.79864308304656,-0.23632180002959702,-0.21714413913289277
3620.0,56.64019675450895,2.159,0,4,2.8077190000000005,0.129,0,1,0.11235899999999999,-2.842170943040401e-17,-2.196361598379662,2.9259264688916042,0.9999998794571766,35.69023822920943,7.536025344442592,94.98703159759565,368.0666430293562,163,452.2328689586768,-0.22844841469827726,-0.23491116961396075
3744.0,19.800435381871107,2.205,0,4,2.8449750000000003,0.136,0,1,0.117504,-2.842170943040401e-17,-2.05188597482382,2.6171276232098792,0.9999998900881797,37.26179608156317,1.8,94.66213455347605,426.7983110291659,164,499.96013660412467,-0.16778789519029091,-0.19881463385071774
3322.0,51.867139157515105,2.081,0,4,2.7944389999999997,0.138,0,1,0.11895599999999999,1.4210854715202004e-17,-2.3950793190964506,3.0145565040276225,0.9999998639457799,32.753195747582375,0.0,87.29706477774879,275.7281474124761,165,354.0010235345692,-0.2705063794500786,-0.2531567617272912
3590.0,11.798103450590077,2.13,0,4,2.8631,0.153,0,1,0.129591,1.4210854715202004e-17,-2.494957587464614,2.6123790568981016,0.9999998693600526,35.7938170689447,6.588100891985748,86.11879932108162,312.2343423791477,166,389.65079270533806,-0.24572017070112961,-0.24546177847371253
3156.0,18.055987193811617,1.946,0,4,2.7750839999999997,0.155,0,1,0.13097499999999995,2.842170943040401e-17,-2.293272596344219,3.053157016336171,0.9999998702419118,31.397496115255702,4.64429477974936,89.48474625600988,313.96535911734213,167,407.65135665838113,-0.2894854437527623,-0.23456123504292337
3554.0,12.402240189943871,2.12,0,4,2.8575999999999993,0.16,0,1,0.13439999999999996,4.796163466380676e-17,-2.709594082752582,2.5617566555895537,0.9999998786780442,35.42837983829052,0.0,88.89854620161348,353.8929220909927,168,433.9154809516091,-0.21536651067221935,-0.2668034881939234
3854.0,19.128111018751177,2.229,0,4,2.886558999999999,0.132,0,1,0.11457600000000003,-2.842170943040401e-17,-2.540382580987756,2.8541693623816995,0.9999998700618974,38.36784700083124,2.0,92.15451522889403,307.6999679138772,169,380.5524856156538,-0.23154489826211933,-0.25248190215794786
3848.0,12.002007216858884,2.178,0,4,2.8623160000000003,0.128,0,1,0.11161599999999998,1.4210854715202004e-17,-2.3779776225413043,2.8018843620332765,0.9999998876606974,38.37198193504828,0.0,97.15037084386252,428.71616222293767,170,503.410915690347,-0.17117202685143096,-0.16504459564258056
3312.0,19.822949352562052,2.034,0,4,2.7768439999999996,0.127,0,1,0.11087099999999998,-1.4210854715202004e-17,-2.444944001038022,3.305577521135894,0.9999998730720497,32.941593455826954,0.0,94.61382346425988,317.7000372641478,171,394.4891013750776,-0.23944258001473906,-0.22596655511244923
3700.0,30.61216635608007,2.11,0,4,2.8779,0.145,0,1,0.12397499999999999,2.842170943040401e-17,-2.116584422626254,2.6885429143698523,0.9999998930454966,36.724490502795284,6.752003961565846,97.26048416572026,477.03841024885406,172,590.7717817005033,-0.22971275933695234,-0.1665115171622713
3236.0,20.00085718912665,2.007,0,4,2.816951,0.17,0,1,0.1411,0.0,-2.2014753701410537,2.706295049802039,0.9999998746982747,32.179992285297864,2.0,87.70643588035641,326.8110549035814,173,414.43788000788146,-0.24400629466397827,-0.3278743071324546
3772.0,28.23968992675547,2.263,0,4,2.797831,0.119,0,1,0.10483900000000002,2.842170943040401e-17,-2.7482031777449096,2.591954456661636,0.9999998753019402,37.46584279065921,0.0,89.26940567024741,333.52997481400394,174,428.4293092846766,-0.26457953018806224,-0.24652323136559984
3910.0,15.163015157374764,2.249,0,4,2.844999,0.12,0,1,0.1056,-2.1316282072803006e-17,-2.3068844886927535,2.7079746064336847,0.9999998942141879,38.963532863583644,1.8,98.95570404478737,484.2080355777773,175,577.4527952910591,-0.18461307917279113,-0.1846360968263796
3392.0,11.621276976926078,2.067,0,4,2.788511,0.14,0,1,0.1204,2.842170943040401e-17,-2.6100250754696503,2.733447518175451,0.9999998730336116,33.81540850720767,2.0,87.97145444994072,321.2886531784731,176,407.57055011428344,-0.2567710191550141,-0.27118952716366107
4050.0,30.763328712882153,2.331,0,4,2.8054390000000002,0.132,0,1,0.11457600000000003,-1.4210854715202004e-17,-2.2161060013197345,2.6946966339385177,0.9999998893121285,40.223130041584064,6.766344339227538,98.73244470210601,445.791128190977,177,548.4762127092317,-0.21134290356784846,-0.1901112062376824
3030.0,21.548401328422266,1.907,0,4,2.7703509999999993,0.172,0,1,0.142416,1.4210854715202004e-17,-2.6081891540648194,2.9867180225265146,0.9999998591804451,30.106064388044206,0.0,85.29515717403979,257.7379605586113,178,367.3377483632867,-0.3743375754478402,-0.34613257343282067
4158.0,15.88236862393709,2.376,0,4,2.778624,0.12,0,1,0.10560000000000001,-3.552713678800501e-17,-2.5670993556139563,2.5435068751116128,0.9999998842175112,41.437058682384574,6.561,94.47475543731092,387.05244328397885,179,486.2290087119903,-0.21596834195116288,-0.26750389285283105
3264.0,12.906912115618525,2.062,0,4,2.798156,0.147,0,1,0.12539100000000003,-1.4210854715202004e-17,-2.6886506948012996,3.3106863592595914,0.9999998613600166,32.52383779095944,0.0,89.3699961143885,264.34830703130234,180,380.09942744191545,-0.3529721518759621,-0.3014026982699345
2968.0,25.416297736955254,1.969,0,4,2.740039,0.154,0,1,0.13028399999999998,0.0,-2.882463707770959,3.276131716633841,0.999999850547872,29.45125332036741,2.0,84.41563634425754,203.994975827103,181,228.43375931824775,-0.11926430799053112,-0.45107453707500333
3534.0,17.440198684615382,2.071,0,4,2.8859589999999997,0.153,0,1,0.129591,1.4210854715202004e-17,-2.1073996877715397,3.0146259329225606,0.99999987321907,35.183038211838465,2.0,88.7319044742963,316.65980674707293,182,377.7579323906609,-0.1677238760167583,-0.08122655034525339
2906.0,25.22238207609204,1.881,0,4,2.730839,0.163,0,1,0.136431,-3.552713678800501e-17,-1.8799357356086976,3.5985785901213996,0.9999998735236865,28.83299856131518,0.0,95.28364195804501,325.2584149952478,183,407.750153802829,-0.21792772191638465,-0.15224870724538908
3598.0,19.67588591624837,2.075,0,4,2.8753749999999996,0.15,0,1,0.12749999999999995,5.3290705182007515e-18,-2.3235140783721078,2.977373011375083,0.9999998760693156,35.80291702675377,7.537307862805295,94.70711010499912,342.21890160985,184,446.42263734039096,-0.28494247958711183,-0.2234275239519541
3850.0,16.76267117868081,2.219,0,4,2.843039,0.134,0,1,0.116044,2.842170943040401e-17,-2.664894847911611,2.454608685503954,0.9999998742414066,38.34913595939189,0.0,86.77713127939111,325.10228430708196,185,401.9733951876928,-0.23397294797507273,-0.3039112035707958
3402.0,22.043425732333347,2.117,0,4,2.8013110000000006,0.139,0,1,0.11967900000000004,0.0,-2.2573596047593583,2.8231998460284093,0.9999998752513138,33.821609168409005,5.1178661304688555,89.2531448878154,340.91300249143313,186,423.3968827315357,-0.2282308096921113,-0.2182907915487382
3316.0,20.97586972278913,2.059,0,4,2.793519,0.134,0,1,0.11604399999999998,-2.842170943040401e-17,-2.1378554096430284,3.080468729804772,0.9999998773874099,32.9712171724949,6.561,94.45350361591882,348.442250394247,187,442.52921742603917,-0.26731513959292275,-0.2220120066003879
3162.0,15.648250283071784,1.942,0,4,2.8366359999999995,0.188,0,1,0.15265600000000001,-1.4210854715202004e-17,-2.5380311402280684,3.2415137695116645,0.9999998523590623,31.479165747452363,10.0,86.4311037535905,227.009154409264,188,290.67847886966894,-0.27666659411309413,-0.40754891919963887
3536.0,43.69728156093517,2.162,0,4,2.7917560000000003,0.116,0,1,0.10254400000000001,0.0,-2.2576268734360303,3.0688907038572615,0.9999998748506761,34.966724465951586,6.561,93.52557113551164,324.3149838150365,189,398.2339077831778,-0.22630971847333758,-0.1962578664484087
3470.0,17.02039471279272,2.073,0,4,2.843671,0.152,0,1,0.128896,2.842170943040401e-17,-2.484220445535381,3.0062617973912884,0.9999998782724852,34.546816447584874,2.0,94.0093836478033,355.95420479992947,190,447.1989167442255,-0.2534105580510324,-0.2081424085440431
3234.0,25.978206170160114,2.057,0,4,2.7617510000000003,0.147,0,1,0.125391,0.0,-2.575404475491131,2.998766886084816,0.9999998755640166,32.10619614446857,1.3122000000000003,91.59100646244212,333.3194745631742,191,420.48547127530907,-0.24161016145151426,-0.2634195075617791
3130.0,24.91865419359907,1.915,0,4,2.7917750000000003,0.181,0,1,0.14823899999999998,-4.263256414560601e-17,-2.2668677056923245,3.29400248424087,0.9999998690124304,31.075732112257615,6.011030147810116,93.22881972040615,307.87100079902365,192,405.11326362765203,-0.3120026587327489,-0.2596388175930797
3174.0,6.017715087536844,2.049,0,4,2.754599,0.138,0,1,0.11895599999999999,-2.842170943040401e-17,-2.1760608181558183,2.912855754733759,0.9999998818919256,31.68584056421217,0.0,93.41640091575248,378.8071731192496,193,488.073244724296,-0.2883662557377429,-0.25345441407267266
3834.0,22.316725259040254,2.156,0,4,2.897664,0.153,0,1,0.129591,4.9737991503207014e-17,-2.484395087763481,2.454197600605427,0.9999998938210801,38.13914947266865,0.0,96.41280177341744,483.5904407018145,194,594.2604819602466,-0.20370758712783776,-0.23905337335174281
3452.0,31.279353048228792,2.116,0,4,2.816544,0.139,0,1,0.11967900000000001,2.842170943040401e-17,-3.048708502467621,2.621632474527103,0.9999998623833896,34.238485822565956,0.0,82.12065507844488,258.4917156478217,195,344.89686217112575,-0.3246124723039001,-0.37026663831626316
3454.0,21.60383702092404,2.059,0,4,2.8715189999999997,0.16,0,1,0.13439999999999996,-2.842170943040401e-17,-2.1979880529514073,2.8474534663738233,0.9999998834616367,34.34556546681169,6.107681837424784,94.49341649567711,390.62551488827313,196,475.3463393553107,-0.21686322306636452,-0.2170439726147224
3414.0,25.72330464670619,2.054,0,4,2.861084,0.172,0,1,0.142416,2.1316282072803006e-17,-2.7576219456386135,2.9986627138242037,0.999999873630555,33.90849025817965,0.0,91.16261614043617,316.0769143888727,197,395.3392168888501,-0.2498532326080789,-0.26640209543074356
3672.0,33.919351018902674,2.194,0,4,2.812364,0.134,0,1,0.11604399999999998,3.552713678800501e-18,-2.5998559149680283,2.6198849364843224,0.9999998729408697,36.41472584082989,0.0,87.46094261269768,318.6321175487653,198,404.23448134063375,-0.2635699376066223,-0.2497274948232433
3768.0,32.1260829373283,2.206,0,4,2.821564,0.132,0,1,0.11457600000000003,-2.842170943040401e-17,-2.309603603958557,2.419285592930405,0.9999998783343579,37.39086525356406,8.645644098144889,87.51690950586362,350.91863274421854,199,429.3559373869029,-0.22180573109811563,-0.24052838414038336
3778.0,22.718699314265688,2.224,0,4,2.8358240000000006,0.126,0,1,0.110124,-4.263256414560601e-17,-2.838489120409365,2.471802229716101,0.9999998706621911,37.57553170617162,1.8,85.73507276853309,320.37912578259534,200,403.16204685897094,-0.25831282013110424,-0.24422651422227126
