_AvgRewardSum,_AvgDiscountedRewardSum,_Timesteps,_mean_obs,_min_obs,_max_obs,_std_obs,_mean_act,_min_act,_max_act,_std_act,_mean_adv,_min_adv,_max_adv,_std_adv,_mean_discrew,_min_discrew,_max_discrew,_std_discrew,_Episode,ValFuncLoss,ExplainedVarNew,ExplainedVarOld
-718.98663,-35.44478077223248,2000,232.6,1,489,17322.98,2.51,0,5,2.9069000000000007,4.9737991503207014e-17,-3.1343450222859905,3.2304734486689295,0.9999998071365133,-34.354317919970896,-66.85672457748522,-0.8533834218978882,107.53047780899597,10,1082.493281396301,-2.1189170757995868e-06,-3.5873651886841884e-06
-581.7996,-28.650253366326144,4000,272.946,1,488,18561.065084,2.4065,0,5,2.58525775,-2.380318164796336e-16,-2.898232176500526,2.5674916983052065,0.999999809549575,-27.800722378899394,-58.23822258685852,-0.8402628898620605,110.26715807148241,20,550.3934687172334,-6.883634040555364e-08,-1.9679860021604156e-06
-649.473,-37.22449028973151,6000,247.904,1,494,20453.858784000004,2.435,0,5,2.835775,9.947598300641403e-17,-4.14396237585628,2.980060669328647,0.9999998010993639,-30.798550027988394,-72.46752406688918,-0.8335376381874084,101.10934202568923,30,540.6244271121493,-1.6737758290474858e-08,-7.881873176351917e-08
-663.8418,-31.547566940945718,8000,291.684,1,498,20590.076144000002,2.536,0,5,2.8477040000000002,-1.1368683772161603e-16,-4.5407374971126115,2.5831754839059826,0.9999998330679021,-31.77244637322893,-86.17494045127022,-0.8239129185676575,143.54033762815956,40,501.91329285828783,-7.225020803858229e-09,-2.4181730395866907e-08
-555.567,-35.22209065410594,10000,268.976,1,494,16519.591424000002,2.466,0,5,2.418844,-2.842170943040401e-17,-2.9658719173199266,2.2168646924149105,0.9999998252809412,-26.193353601431955,-60.14355347389563,-0.8170380592346191,131.0329409506018,50,250.35336073549084,-4.788929253152219e-10,-9.478529072737274e-10
-577.6045,-31.737366713578734,11872,252.67307692307693,6,498,19122.628164036818,2.385149572649573,0,5,2.8511256186536635,0.0,-2.9260409643887426,4.1251152896045475,0.9999998259988859,-29.329106617106248,-62.96154178998663,18.085712432861328,132.11612456679566,60,276.74814752135666,-7.571721027943568e-14,-1.0902390101819037e-13
-430.53906,-24.189587447512444,13620,208.5017162471396,4,496,13036.515443278753,2.4948512585812357,0,5,2.001689737601391,4.877867751213502e-17,-2.7519331293325844,3.134442364719336,0.9999998488336745,-23.384921724647548,-59.794260272209044,18.08519744873047,175.04499202783677,70,196.70117069694183,-2.347011474057581e-13,-2.8821389719269064e-13
-377.283,-27.562547259174057,15210,265.7987421383648,2,496,14854.6513191725,2.4943396226415095,0,5,2.1166346267948257,3.575057789987925e-17,-2.9017463560355465,2.8032900896282427,0.999999860709616,-22.16834508889264,-63.83305820330965,18.082670211791992,206.16624853140894,80,213.5396238046824,-4.8911541483676046e-11,-5.4529936122094114e-11
-571.82385,-31.44967603891511,17159,251.47973319651103,8,498,19999.624653392133,2.500256541816316,0,5,2.4049511912411963,-1.020789974411637e-16,-2.9487378775450455,3.918544265769808,0.9999998294901549,-27.887075608141764,-62.47437921685005,18.07560920715332,137.58181126503558,90,192.2230799646021,-4.75175454539567e-14,-4.241051954068098e-14
-595.7629,-31.394995796556667,19159,282.878,4,498,19245.253115999996,2.5665,0,5,2.41757775,-2.842170943040401e-17,-3.2797639156308946,2.1223375874876758,0.9999998458371607,-28.375370467251155,-70.92473426477204,-0.8416537642478943,168.3063867706408,100,208.18642120542435,-4.960476474025199e-13,-6.0285110237146e-13
-501.72968,-38.629096663135115,20890,226.158867706528,1,494,18660.14980437938,2.466204506065858,0,5,2.531931232585126,-5.3362539369620466e-17,-2.8575026444309892,3.484498249428506,0.9999998452512449,-26.976516341687677,-63.907410883232096,18.057727813720703,167.03432152330748,110,180.91937807764492,-3.616262844730045e-10,-4.1937209260822783e-10
-562.2358,-27.2630326601958,22890,236.494,1,483,19290.627964000003,2.386,0,5,2.456004,-2.842170943040401e-17,-2.632970944847403,2.3258441895562454,0.9999998214958981,-26.88495387202608,-56.38537234215893,-0.8257021903991699,125.53459437520591,120,132.94555190896446,-4.973781386752307e-10,-5.563807192743297e-10
-532.98425,-30.19099360662569,24725,255.1433242506812,8,491,21634.482455434372,2.455040871934605,0,5,2.4921203661768967,3.097733997864197e-17,-2.688838461191055,3.9060991238477523,0.9999998288280958,-27.564708227053398,-58.9815259239658,18.074783325195312,136.51955949134438,130,143.14191622741978,-4.418687638008123e-14,-5.573319583618286e-14
-615.4039,-29.211536262133272,26678,212.95545314900153,1,498,22031.46601352994,2.4664618535586276,0,5,2.6953677682581105,3.09247990474186e-17,-2.6723030988064913,4.411821748076352,0.9999998170855129,-30.16453892891224,-59.38374460250806,18.0745849609375,119.5552467295414,140,136.50459493666102,-1.0751111112483613e-09,-1.1220553375324016e-09
-508.46933,-31.661275505051464,28445,221.53706847764573,1,498,21992.12638484138,2.2920203735144313,0,5,2.6923132355781285,-2.4127087801701194e-17,-3.231120651438042,4.361356807775613,0.9999998071801868,-27.163224047616776,-60.6776832197322,18.07436180114746,107.58691968673901,150,107.72616173944215,-1.2591880871326566e-09,-1.1938863231364394e-09
-425.63397,-24.97206210552867,30170,229.6782608695652,3,497,18745.476194076877,2.4307246376811595,0,5,2.206940054610376,3.295270658597566e-17,-2.9178272499329045,3.2843000004344858,0.9999998415123612,-23.371544050759574,-60.19242464919709,18.073970794677734,159.24615818838487,160,168.45275881128424,-7.276401703393276e-12,-6.6140426469019076e-12
-360.43982,-22.126022920982233,31659,228.67226326393552,8,493,17341.030264924648,2.3599731363331093,0,5,2.2787470778545686,3.8175566729891214e-17,-3.3710525879689417,3.404876290660145,0.9999998336767637,-22.869468487495375,-63.405627850881295,18.07341766357422,144.59528343940724,170,151.85945378890034,-1.3944401189291966e-13,-1.0813572259849025e-13
-436.729,-26.876875600960698,33292,249.03490508266992,1,496,21660.041035156326,2.419473361910594,0,5,2.2324928028727755,5.221379564679242e-17,-3.0872048552581135,3.8279638826425937,0.9999998233331784,-25.262695026681673,-60.21215016798456,18.07271385192871,128.15926570333474,180,128.18474277180994,-3.888711574973058e-11,-3.714251128883461e-11
-327.95868,-24.685533740485038,34607,290.545247148289,11,494,18833.403846231693,2.155893536121673,0,5,2.552883517182553,-2.1613467247455518e-17,-2.372628655482716,3.550088793819165,0.9999998281753941,-23.250317339319405,-50.867186608912974,18.071928024291992,135.48440186900586,190,138.05725321427127,-3.597122599785507e-14,-1.9539925233402755e-14
-395.4882,-23.465180475487948,36225,287.90852904820764,1,496,21238.36987781158,2.241656365883807,0,5,2.339006403547238,1.7565951440299138e-17,-3.2951696870436216,4.197035261293372,0.9999997963040901,-23.137791742925526,-55.49160825741799,18.071043014526367,96.40409194735193,200,97.89154688232455,-1.1329404081550365e-10,-1.0662515315118526e-10
-401.9803,-28.29435141699289,37894,285.66087477531454,1,496,19712.669895220388,2.31875374475734,0,5,2.466400843492568,2.5543777199284607e-17,-2.902638433518898,3.3144653623526086,0.9999998368447695,-22.55933766284871,-58.14066312980498,18.07024383544922,150.26513543782656,210,151.87790955500597,-3.796665204447436e-10,-3.497984124578579e-10
-346.5423,-24.78549589074358,39367,300.9646978954515,3,494,22307.717694698276,2.056347589952478,0,5,2.6465194501248774,-1.9295118418468436e-17,-2.8607758862797796,3.9608283287775894,0.9999998023612565,-22.01190403302711,-50.96145002282143,18.06958770751953,102.40371893040518,220,104.08886646475057,-7.1451733418825825e-12,-6.73594513500575e-12
-371.0772,-23.39400050789982,41031,299.5354567307692,12,491,19498.556435127935,2.347355769230769,0,5,2.1738151234282546,6.832141690000964e-17,-3.278445667694855,3.2143139669285214,0.9999998356020581,-21.03501125288042,-60.91927854002068,18.069063186645508,148.00185621404975,230,150.5432089141972,-1.0880185641326534e-13,-9.903189379656396e-14
-319.31598,-20.20031978821631,42237,324.52653399668327,3,488,16187.575995781182,2.30016583747927,0,5,2.5367661416521594,1.1783461621228859e-17,-3.2918975385953653,3.234417485393755,0.9999998496963671,-24.969790067738067,-68.77309021991,18.068666458129883,177.0602458747551,240,182.6126703058813,-8.462119893692943e-13,-8.402167850363185e-13
-326.61328,-23.497230124286112,43601,278.02785923753663,1,491,26835.824737059364,2.0513196480938416,0,5,2.770093566446797,0.0,-2.7866840756146787,3.2717200754143803,0.9999998382873939,-22.394850895651416,-56.85957496409658,18.06846046447754,152.95864076516136,250,153.26451839725365,-1.2869847410001967e-09,-1.242443925519865e-09
-368.6144,-23.97280060450776,45293,267.7068557919622,3,496,16643.925886804263,2.4013002364066196,0,5,1.7319841249881238,-3.359540121797164e-17,-3.1265030638512132,3.7776127017529237,0.9999998041636652,-20.510572991613234,-52.44032718293332,18.06871223449707,104.29742432332189,260,107.69324737654141,-6.587175249705979e-12,-5.243805389909539e-12
-287.10297,-20.2077988899752,46483,361.78739495798317,3,486,8337.48673186922,2.1773109243697477,0,5,2.4147793234941033,0.0,-2.841131666327895,3.1642920046544916,0.9999998443804663,-22.597980490875315,-59.11179517952931,18.069063186645508,165.1702953562773,270,165.57911546343271,-5.2655657611921924e-12,-4.7482018317168695e-12
-270.95654,-17.858476310317922,48113,248.62147239263803,41,496,11714.353035868871,2.183435582822086,0,5,1.2933452519853963,3.4873263104790195e-17,-3.3800727343894,3.457421084973745,0.9999997948512848,-15.637048665949985,-48.58945564065638,18.069448471069336,95.04344559558082,280,119.0629014909644,3.3306690738754696e-16,-7.549516567451064e-15
-242.76797,-22.679935676843606,49622,256.74685222001324,12,496,11686.263285320108,2.3233929754804508,0,5,1.410327520189225,-4.708699375481114e-17,-3.707302581305456,2.9697523153464687,0.9999998189458434,-14.735324302025946,-55.687740225634435,18.069814682006836,122.0233483612613,290,134.38662365640252,-3.483879851273741e-13,-1.318944953254686e-13
-190.27678,-9.713783294700752,50701,309.2808155699722,4,491,20009.16952074356,2.200185356811863,0,5,2.0692863419171807,0.0,-2.8697145403371125,3.3978217840823626,0.9999998052513978,-16.824317789049324,-46.295283575221866,18.070127487182617,105.46570666510803,300,105.54071199116834,-2.2049695402870384e-11,-1.1246559239452836e-12
-354.33847,-23.470248215415438,52410,307.091281451141,1,491,16644.17423059896,2.307782328847279,0,5,1.9345269134150567,-5.1970650655361336e-17,-3.3430010518347593,3.5572797438586186,0.9999998106219153,-19.497676055792436,-54.8028694724385,18.07035255432129,111.53231754982407,310,115.08718033390178,-1.8554602299047929e-10,-2.1818946649432291e-10
-346.43793,-23.279858882379063,54094,314.24881235154396,3,496,17779.357926142937,2.1585510688836105,0,5,2.126286736703133,0.0,-3.105728702402842,3.0618837513534634,0.9999998362568725,-19.32815255459275,-57.26229799713715,18.070480346679688,149.18798299982484,320,149.72696127690023,-8.155032205081625e-12,-9.159117908552616e-12
-239.97668,-17.686048288161764,55372,261.5242566510172,8,492,14651.390256685303,2.1455399061032865,0,5,1.911525490974013,4.4478418513934285e-17,-3.0599531160120215,2.992157229260163,0.9999998319134508,-17.532020763028083,-53.94125320778704,18.070585250854492,141.57754952750244,330,142.6941479555318,-1.2361667245386343e-11,-1.262634441445698e-11
-270.8239,-20.258434796460676,56850,310.84573748308526,41,491,16983.158882372223,2.1332882273342353,0,5,2.116875655761269,-4.807460999730042e-17,-3.5200784353945425,3.7824365876265764,0.9999997848483042,-17.090076893036024,-49.81190980315623,18.070585250854492,86.41126078904858,340,87.2426416515678,-1.3121725928044725e-11,-1.3397505327361614e-11
-380.5838,-23.146025764574553,58658,339.0973451327434,2,491,12240.286984102122,2.150442477876106,0,5,2.09683608739917,7.859986015045356e-18,-3.743569010038636,3.30252246965481,0.9999998260376779,-19.897807275713387,-62.93664463366387,18.070444107055664,132.17509450204886,350,134.6010058560534,-1.2531531368153992e-11,-1.4131806835848693e-11
-196.88893,-14.558625324486371,59625,366.92450879007237,41,491,20438.369688874533,1.8541882109617374,0,5,2.734685147616964,7.34790833257601e-18,-3.23920898366121,3.459818890290402,0.999999813366066,-19.005807726565788,-53.71779239082885,18.0701961517334,114.83624766218357,360,114.8423067913055,-1.2759571177411999e-11,-9.175549209317069e-12
-327.17917,-19.362644034634336,61559,256.722854188211,1,496,10912.30788513179,2.3479834539813855,0,5,1.5267875571202314,2.939163333030404e-17,-3.6319501381085866,3.896960585169369,0.9999997713456831,-16.016175129697903,-47.78421031509369,18.069875717163086,76.50691695713383,370,80.05628247342159,-1.0278131679086755e-09,-8.076472823859149e-10
-198.08041,-19.25127799333935,62549,271.2171717171717,6,496,18347.715462707885,2.1151515151515152,0,5,2.0210835629017447,0.0,-3.0001283583740292,2.7169612460402446,0.9999998504185563,-18.258006223203736,-58.37162195774406,18.069543838500977,178.77416878125626,380,179.66592355230793,-1.945843486339527e-11,-1.623146062001979e-11
-226.34232,-15.075597795254637,63910,226.11682586333578,1,496,13903.243515567765,2.1947097722263043,0,5,1.6542262383247828,-4.17659212790654e-17,-3.1974304645050378,2.9547986607434296,0.9999998246564198,-15.633670455624218,-52.10416162947711,18.069252014160156,130.09992683623994,390,131.95944463198427,-2.693598899483618e-09,-3.1061448968472405e-09
-205.39885,-17.08846662837007,65312,277.90014265335236,2,479,10301.205435072376,2.2061340941512126,0,5,1.283471645356847,-2.027226064936092e-17,-3.615342565711346,3.40399689964128,0.9999997847108043,-13.553440408174135,-47.13949891089847,18.069129943847656,86.30116170902727,400,90.65326224028084,-2.1922041959498983e-10,-4.388267527133394e-11
-233.8937,-15.354164763684839,66589,247.079874706343,1,481,13698.200354565352,2.3194988253719657,0,5,1.59095104091483,0.0,-3.529403061426708,3.1220111237193495,0.9999998231297581,-17.233748493544013,-57.14325771833617,18.06910514831543,127.86469387471472,410,131.1386113653077,-3.5125886643783133e-09,-3.5026002098703657e-09
-229.81754,-15.56070268199186,68039,344.1772413793103,43,491,9074.145826872771,2.129655172413793,0,5,1.768017122473246,-2.940176837628001e-17,-3.2505130519643206,3.745954544500829,0.9999997726471929,-14.883650171728789,-43.478035810639795,18.069190979003906,77.38463702131483,420,78.1246749691502,-6.974221200550801e-11,-1.887121570121053e-10
-136.9195,-15.684893927239505,68842,240.97758405977584,3,496,16622.48517623048,2.1855541718555416,0,5,2.23580626200937,1.769720387945455e-17,-2.362486159035676,2.751006140661167,0.9999998350824321,-15.29303841974677,-43.944010483790194,18.06928062438965,147.07159182944125,430,147.07537730433907,-3.22398330254714e-10,-2.7010815806249866e-10
-284.21344,-19.713238377741106,70466,334.19458128078816,8,488,10480.673960785265,2.3368226600985222,0,5,1.505392860176175,1.7501052604928576e-17,-3.0156978576879707,3.5519818649349317,0.9999997939547056,-16.40834548206691,-45.68049144716816,18.06937599182129,94.21845339748779,440,94.67524179940938,-3.244007285019279e-10,-2.5751445420496566e-10
-330.2062,-20.863701214908502,72346,258.2,9,496,21538.479148936167,1.9085106382978723,0,5,2.1980126754187417,-3.7794826370218094e-17,-5.259863529346129,3.7613030422027816,0.999999782612041,-16.565366628138996,-64.95667301015726,18.038408279418945,84.64194029176419,450,84.68729265345681,-2.8248869909930363e-10,-9.784395516021505e-10
-121.36851,-12.95135031386835,73645,229.91608929946113,16,496,5414.951388555535,2.628175519630485,0,5,0.7293370099934752,7.657889376937184e-17,-6.635399006141974,5.168541637213803,0.9999996101497177,-8.445903845450559,-42.4866481966022,18.069629669189453,26.31864569341636,460,56.95164083322559,-4.0171976856129277e-10,-7.725464712393659e-11
-286.56354,-23.20359644010439,75356,273.6867329047341,1,496,15682.687369279332,2.4056107539450613,0,5,1.5268884493057437,-3.322233714833899e-17,-3.8701986230405163,3.5189487411221583,0.9999997905231196,-15.5277816566955,-52.47882960509843,18.06973648071289,91.15625040598722,470,100.35561178044708,-9.046920118827018e-06,-1.6762313759244307e-09
-219.03738,-19.06790335006173,76640,255.80919003115264,6,482,15951.483061960773,2.1409657320872273,0,5,1.7129947059908193,-4.4270575436766365e-17,-2.9853048450331334,3.272428115980385,0.9999998063001442,-15.722450401580604,-46.542852504052824,18.069820404052734,106.63242090839296,480,107.12635041313142,-3.218092459178479e-11,-3.227250470638765e-06
-130.79291,-12.53678226707561,77744,295.19202898550725,8,496,8585.195008926696,2.260869565217391,0,5,0.997164461247637,-6.436075505073371e-18,-4.569549350453126,3.3118916621021444,0.999999770764508,-10.825164759527691,-50.692890343707745,18.069942474365234,76.11951051652969,490,86.31583516296254,-9.582779014749576e-12,-5.313527395855999e-12
-235.11763,-13.577143902675463,79181,296.3256784968685,14,493,9746.237705263373,2.0995128740431452,0,5,1.4493873757911135,-9.889251715519836e-18,-3.996562566020173,3.884393071534017,0.9999997686574409,-15.511359076632498,-50.062392351137454,18.0699520111084,74.73922792093056,500,78.27836471146064,-1.4374057499821902e-11,-1.2152057138337113e-11
-319.50528,-19.863797678433464,80990,257.09673852957434,1,483,16155.940337621516,2.1907131011608625,0,5,1.8149275732998909,3.1422564323276956e-17,-4.0295858406278695,2.9637748185630337,0.9999998292339777,-16.67373418640524,-63.868145550877884,18.037004470825195,137.1663270428498,510,138.16644921928406,-1.0438281350388934e-09,-1.4225063127426552e-08
-112.501175,-6.395735471387505,81857,295.2583621683968,2,486,12602.295417386711,1.908881199538639,0,5,1.5914666836949851,-1.6390835888352946e-17,-2.374661322632865,3.4473504566657414,0.9999997730659399,-12.311995999938912,-33.240193014572284,18.069969177246094,77.67129385910503,520,87.05013568661367,-6.359623938578807e-11,-4.685940524495891e-11
-170.98172,-9.821582649315399,82783,248.49784017278617,1,483,20249.77699317532,2.037796976241901,0,5,2.3085065937705544,2.301974305918251e-17,-3.531284566732311,3.255521365643618,0.999999817002909,-17.50996575684788,-56.10391537976287,18.070003509521484,119.44614992970442,530,124.93405218002367,-1.1561431811912826e-09,-1.16485843193459e-09
-137.1597,-9.936826313409794,83770,225.016210739615,6,496,14570.153739238263,2.050658561296859,0,5,1.5415066584955999,0.0,-3.9067772076174094,2.871342121878993,0.9999998151142159,-12.990532416744776,-55.25255905935069,18.070213317871094,117.01928922978814,540,121.71518366755829,-2.0372370457266697e-10,-1.2278200678395024e-10
-304.2542,-19.969656854076003,85412,251.00365408038977,9,483,17154.398281410184,1.9859926918392206,0,5,2.0637502021390386,2.5963802768334963e-17,-3.168510933563128,3.7166196209391753,0.9999997906449445,-17.434927819206273,-47.704160506255676,18.070518493652344,91.26263698249657,550,94.51212693726758,-1.6850454365169298e-10,-1.3854162261850433e-10
-251.03145,-13.370816329852142,86953,277.37053861129135,6,493,19257.49735396039,1.7585983127839067,0,5,2.0741067958180492,0.0,-4.983983554370453,3.4850725897272214,0.999999792431109,-15.509259647413208,-63.5316714055344,18.070697784423828,92.83974438659494,560,93.63320593555183,-1.0999823274460141e-10,-2.394098252977983e-10
-204.90572,-10.834227682855797,88195,250.4219001610306,1,497,14833.441968048004,2.4009661835748792,0,5,1.6717542999836634,4.5767648036077307e-17,-3.341922302845717,3.3135851069131754,0.999999803835361,-15.712955800300609,-49.78559592053503,18.070743560791016,103.94852846212815,570,103.95502217315361,-3.069677845246588e-10,-2.776194829579026e-10
-263.46347,-16.767073834667546,89642,311.59778852798894,9,497,16427.998557652583,2.02418797512094,0,5,2.0623036771739924,0.0,-3.296969188398192,3.87098138810125,0.9999997802787062,-17.164692882962,-47.17513765066503,18.070701599121094,82.85432997806991,580,83.53123909364588,-8.975664655963556e-11,-1.3605183646347996e-10
-198.77527,-16.291354078073475,91091,263.93167701863354,7,497,10652.635083523013,2.150448585231194,0,5,1.4708089775152517,-6.374779547882196e-17,-3.716818226898985,3.7528374624979524,0.9999997561249715,-12.706214139055568,-43.18754462474534,18.070514678955078,67.25515042083485,590,73.00285950414533,-6.973865929182921e-11,-2.468913962161423e-11
-100.81621,-13.180272713767868,92071,236.89285714285714,6,496,11216.214030612246,2.0051020408163267,0,5,1.4540556018325697,-1.1600697726695514e-16,-4.2107970221495625,3.6256282440127365,0.9999997328896554,-9.076934762560528,-40.605435303205354,18.070125579833984,56.063355407178456,600,66.4675644197179,-3.5169815726376896e-08,-2.6717561496525377e-10
-218.79858,-15.6484180563935,93341,206.1496062992126,7,493,23420.48627937256,1.7929133858267716,0,5,2.066563953127906,-4.4758597528195287e-17,-3.2197865812932895,3.2815610964880593,0.9999998080299054,-16.11929148195592,-49.66325071307764,18.069669723510742,108.53568339307404,610,119.68935821888233,-1.1284061907090859e-08,-4.544633136482901e-08
-203.11711,-6.445792954029999,94396,225.92890995260663,1,493,21405.698263740705,2.309952606635071,0,5,1.823360661260978,-1.0776003575508629e-16,-3.395967497524679,3.136878421746968,0.9999998293888682,-18.702928555447148,-58.51221981330136,18.069486618041992,137.41823571052083,620,144.17005738390537,-3.1063196459513165e-10,-2.7655988610320037e-09
-172.2882,-10.457342349611455,95827,299.8860936408106,3,497,6906.991218213454,2.2166317260656885,0,5,1.18437747373839,6.951501258309855e-17,-4.6934145141359345,4.060660245521685,0.9999997242490881,-11.38201228749727,-45.422981513816424,18.06964683532715,52.604867852826374,630,65.62017848530608,-3.8746783559417963e-13,-2.460254222569347e-13
-258.55368,-18.543930449971217,97636,263.22332780541734,1,497,11893.018118057827,2.3819789939192924,0,5,1.2178289194039629,0.0,-5.276641769127781,3.039583822294674,0.9999998066407196,-13.37004736886844,-67.94867140257573,18.069704055786133,106.98657368277149,640,107.28076329637496,-2.9524738209829593e-10,-8.370770743226785e-11
-154.65477,-15.357500697948888,98936,277.20076923076925,3,496,10865.108153254438,1.96,0,5,1.3676307692307692,1.0931426704001541e-17,-3.725921396880826,4.025535672293101,0.9999997214456852,-10.83330905626978,-37.585153822920816,18.069753646850586,51.551287354392656,650,53.93603099285311,-5.83593173786312e-11,-1.4367618206279076e-11
-99.06346,-6.019138929008445,99999,216.15616180620884,16,496,8224.30298884306,1.953904045155221,0,5,1.2631620867475124,-4.010589289332645e-17,-4.439574872882961,4.585874010013248,0.9999996587803567,-8.809618148892392,-34.83141479036894,18.069690704345703,34.35508617949662,660,36.02023636626338,-6.65538291144685e-10,-3.221800604080727e-11
-106.92039,-7.246703355934395,100896,270.37012263099217,12,496,15991.698014812164,2.0055741360089185,0,5,1.3700915599999504,-3.1685294794207366e-17,-2.8265247672778298,3.335658482959159,0.9999997720125277,-11.192681942620059,-35.987704238793484,18.06950569152832,76.95857212284878,670,79.02169747334666,-7.851985728279942e-11,-7.474633134663122e-08
-151.66678,-7.56192235061731,102149,259.537110933759,9,497,18190.94455254715,1.9193934557063048,0,5,1.5633349872516653,-2.2682928515885083e-17,-4.08163609618713,3.869004762340374,0.9999997388495049,-11.561134406753567,-42.820026106822965,18.069307327270508,58.65136992627899,680,58.77522971173617,-4.722888746755416e-13,-1.1600320704019396e-10
-102.159676,-8.53196868912795,103047,246.75389755011136,3,483,12760.769054965003,1.7082405345211582,0,5,1.4003997996041688,-1.582500525078174e-17,-2.984078869164065,3.7227985265846937,0.9999997395775032,-10.521258914640178,-33.43847150195141,18.06919288635254,58.97977549006827,690,59.384212996410106,-2.0556001345539698e-11,-1.804179028397357e-11
-188.94221,-11.38569813171294,104521,180.27408412483038,9,492,10982.7444165628,1.6601085481682496,0,5,1.5418686449337131,-3.856405621493081e-17,-4.452968308155798,4.068017382602325,0.9999997305252523,-12.123138971374475,-45.172380737418266,18.069059371948242,55.083774130127765,700,55.51642805438574,-1.7030821197749901e-13,-2.7977620220553945e-13
-195.66122,-12.446046452953215,105958,233.8796102992345,1,496,11265.038394280979,1.9735560194850383,0,5,1.4759882593879134,0.0,-4.521826787256682,2.9452227078419213,0.999999809404771,-12.836449196383011,-60.28603147519583,18.069019317626953,110.11199665547969,710,110.35617621091563,-6.76896982909625e-10,-2.224260775562925e-09
-65.32799,-4.145796966479328,106832,200.44050343249427,8,479,6622.72472102802,2.037757437070938,0,5,1.084386732925239,-1.0568713460962589e-16,-5.197864462231969,4.820182504833101,0.999999616179501,-7.047685558116058,-34.132554872508976,18.06917381286621,27.152107516929338,720,42.99211671860075,-9.747758156208874e-14,-2.731148640577885e-14
-170.26913,-12.645608287863517,108134,250.44930875576037,3,482,15902.06924299376,1.73963133640553,0,5,1.6411175292177222,0.0,-4.9764947882183925,3.2129825141473973,0.9999997877303229,-12.203386621782911,-59.091805238659525,18.069259643554688,88.77364605261836,730,92.55608306863569,-6.213851655445524e-11,-5.454081630773544e-12
-190.16727,-16.683990937755045,109412,255.35054773082942,3,479,13914.268352595142,2.0179968701095463,0,5,1.660865471038717,2.2239209256967142e-17,-4.109032789275667,2.7250227026081917,0.9999998284771223,-13.705138137203043,-61.617499798431716,18.069305419921875,135.96151231841756,740,137.42037910408655,-2.822186928597148e-13,-4.229128158783624e-11
-148.1475,-11.28501894485466,110681,278.628841607565,9,497,17018.07421938311,1.847123719464145,0,5,1.9372277396186324,2.7996167681643035e-18,-5.456584974149205,3.7747377539865363,0.9999997391639651,-10.87399450523762,-52.713188920738396,18.069385528564453,58.79287652963672,750,60.83232914852478,-2.864375403532904e-14,-4.263256414560601e-14
-135.70491,-12.236910753648957,112120,287.92703266157054,46,497,13428.01482865147,1.8902015288394718,0,5,1.2888477008732706,-4.937753549410008e-18,-7.039530504718856,6.033735863203598,0.9999995486210079,-8.665162647168028,-39.85637848936129,18.069517135620117,19.632568465077266,760,21.570353425412687,-2.4424906541753444e-15,-1.1102230246251565e-15
-181.39511,-15.902287633926784,113458,324.08744394618833,6,497,17936.822697352985,1.749626307922272,0,5,1.9066702639416753,6.372580589776683e-17,-3.470707710649668,3.1991617473743603,0.9999997906102972,-12.487524831706336,-45.6382237490232,18.069490432739258,91.23242060051862,770,95.38812115147384,-2.6489921367556235e-13,-5.018208071305708e-13
-115.02541,-10.279121016365536,114729,231.3351691581432,12,487,10012.729518441094,1.5798583792289536,0,5,1.0807587525635416,3.354253669992605e-17,-6.428994059497491,5.106005342760229,0.9999996130582682,-8.322125456993767,-41.55189992777108,18.06947135925293,26.715825480355466,780,31.42303216587457,-4.773959005888173e-14,-6.505906924303417e-14
-190.03032,-9.806512468481255,116167,262.143949930459,1,493,17197.54603780556,1.377607788595271,0,5,1.8692343329574184,-2.964712388428791e-17,-4.21579806830941,3.759588061703263,0.9999997548407896,-12.601146224222518,-46.99350959857449,18.069398880004883,66.55180327161237,790,70.59767914177533,-8.409786200758163e-10,-1.459169673978522e-09
-161.83969,-12.703877205011054,117799,254.19669117647058,1,497,13561.73643513012,1.9136029411764706,0,5,1.656138489403114,-5.224578939412501e-17,-5.8034955730579325,6.204468032911745,0.9999995452195932,-9.216065921344624,-34.73827325588656,18.069467544555664,19.339680408335248,800,21.849137635692045,-9.331195816031368e-10,-1.954268968873407e-09
-139.74411,-11.708979331950857,118911,297.4343525179856,9,497,26818.288855875733,1.6564748201438848,0,5,2.178753040732882,-1.2779545607196047e-17,-4.011671447101463,3.5256786132349647,0.9999997624913441,-11.619248325594748,-45.40051135706814,18.069597244262695,70.90893605642984,810,72.81708795828348,-1.3011813848606835e-13,-8.637535131583718e-14
-117.37659,-8.35820024366797,120249,194.10986547085201,9,488,9704.652354092515,1.2264573991031391,0,5,0.961422577034192,2.1241935299255612e-17,-5.077154028510801,5.5513271282394525,0.999999577528556,-8.21032892707332,-32.24581694762965,18.069917678833008,22.411192231887917,820,24.791749261913363,-5.45785638905727e-13,-2.424727085781342e-13
-154.55048,-17.298585231709602,121882,259.67421922841396,9,497,11531.37212775843,1.9638701775872627,0,5,1.0636058423010706,-1.7404598548930807e-17,-6.821544394970516,6.615139780914476,0.9999995012978323,-8.510823473072893,-35.86800731625098,18.01860237121582,16.083371267005198,830,16.100083806712682,-4.793943020331426e-13,-6.95221658020273e-13
-187.00853,-13.317729766634017,123536,249.1342200725514,8,497,19790.923943859674,1.8337363966142683,0,5,1.638015422653521,0.0,-7.12342008631126,3.3444409999879614,0.9999997665476387,-10.581776576390999,-71.60852786826456,18.07024574279785,73.39446085148327,840,74.46393012875653,-5.218048215738236e-14,-2.0827783941967937e-13
-111.29236,-7.705600075850656,124791,253.65498007968128,8,497,18145.002076792432,1.7442231075697212,0,5,1.3871678227329727,2.2646780422632676e-17,-4.631023644605274,5.526570613796799,0.9999995810905117,-8.315323375639469,-30.4252014934405,18.0701847076416,22.793932196909836,850,24.38523570610628,-4.438671652451376e-13,-4.933831121434196e-13
-97.48225,-4.930017807948573,126045,219.6371610845295,3,497,14357.814918894306,1.6236044657097288,0,5,1.5090441051156236,-3.399726008421532e-17,-2.672293243814132,7.544331075169049,0.9999994080540592,-7.419875942524638,-16.44871749482459,18.070058822631836,11.415526928961388,860,11.601739814510696,-1.9833323872120445e-09,-7.934541912391069e-12
-115.36098,-8.28989753315844,127321,239.89420062695925,6,497,13004.296800223072,1.5094043887147335,0,5,1.6292219023004881,1.1137033475863639e-17,-5.361196250153352,5.401192469143628,0.9999995927635579,-8.456117630946135,-34.78576495311391,18.069957733154297,24.119389819725082,870,24.380041268685016,-2.4635848916432224e-12,-3.709610396640528e-11
-110.64553,-8.667574462157209,128568,197.77706495589413,3,482,8209.201302371883,1.954290296712109,0,5,1.3683997970429753,-1.1396034254372096e-17,-5.1606267656554765,5.810839435664867,0.9999995583934206,-8.24737126360285,-31.61942738413451,18.069440841674805,20.51108397222517,880,20.53264427895072,-2.0707213721493645e-11,-9.354206298439749e-11
-154.93153,-8.742176327997912,129840,193.27201257861634,1,488,12557.39613494324,1.6658805031446542,0,5,1.5841188788022624,-2.2344111187424535e-17,-5.142408959674056,3.358122323119646,0.9999997733335921,-11.561601796388175,-56.935868988258704,18.06890106201172,77.85483562006854,890,80.9223650037531,-8.624967406944961e-11,-8.819798225090381e-10
-133.07285,-10.162286026752065,131093,240.12849162011173,1,496,12600.161462768687,1.4780526735833999,0,5,1.7610905415191889,1.1341464257942541e-17,-6.175630478588116,4.324316676601503,0.9999996906676087,-9.890406814119382,-49.81917315827101,18.06861686706543,41.80315957468538,900,42.50149971358379,-1.2651657499418434e-11,-2.3106627722313533e-11
-147.44186,-11.12645024859953,132765,288.4162679425837,12,497,15406.879352578924,1.4252392344497609,0,5,1.3652242250635287,1.699863004210766e-17,-6.044444221789076,8.10641491245178,0.9999993832560448,-8.219381911900744,-27.820525757596872,18.068395614624023,10.51598191614139,910,11.086279562821078,-8.304468224196171e-14,-2.842170943040401e-14
-178.80502,-12.024606922873627,134243,232.39918809201623,1,497,15760.227658339452,1.7692828146143438,0,5,1.6944015154150822,-1.922984399892017e-17,-4.340048704834264,4.10132916736751,0.9999997213200924,-11.36555345199536,-42.51274828509424,18.06842041015625,51.5049025005457,920,54.36555531035649,-1.3415046851150692e-11,-2.7474911235003674e-11
-126.69702,-9.673021627080722,135689,282.6929460580913,2,497,17080.988705428623,1.4785615491009683,0,5,1.5925556072075586,-6.879390249406226e-17,-6.10666125686688,7.170527501662221,0.9999994532244537,-8.159840609897122,-30.496832501080068,18.06856918334961,13.37955613941682,930,15.997507072866405,-6.371569938323773e-12,-6.830314092098888e-12
-153.10434,-10.156819711573531,137323,293.61444308445533,13,497,13486.06554415129,1.5024479804161566,0,5,1.369945047783559,5.2181841059493283e-17,-6.7605552660986765,6.0702250366805135,0.9999995483322744,-8.810479103071769,-38.74644349943302,18.068683624267578,19.607473832731902,940,19.701053042788548,-1.1102230246251565e-15,3.3306690738754696e-16
-99.758965,-5.052111710365653,138575,246.06230031948883,12,497,14233.157460523227,2.036741214057508,0,5,1.271813022486705,2.2701045870929717e-17,-3.4294772060867538,7.161298924571673,0.9999994421250471,-7.604798206702014,-19.899583330828776,18.06869125366211,12.852450556391775,950,13.35480234759821,-1.616484723854228e-13,-1.0880185641326534e-13
-128.05563,-7.118624915654766,140018,290.8018018018018,16,497,11826.138125651638,1.753984753984754,0,5,1.3039948632464227,0.0,-5.758866089392276,6.256955636753943,0.9999995277569176,-8.430276454653127,-32.81968806136143,18.068601608276367,17.936123219290327,960,18.07437974154516,-8.881784197001252e-16,-1.3322676295501878e-15
-180.88109,-13.92565551668462,142018,233.162,1,497,9824.761756000002,1.651,0,5,1.5031990000000002,1.4210854715202004e-17,-10.772427976431672,2.268005770713617,0.9999994020355412,-8.417399715511477,-44.447727190598556,-0.8316510319709778,11.186865420106868,970,11.188454502501994,-5.181168827306237e-10,-1.0740850431290028e-09
-102.8652,-9.120499323120127,143268,246.0336,9,497,14777.021271040001,1.6536,0,5,1.62800704,5.684341886080802e-18,-5.812237339515782,6.79187868924382,0.9999994702284611,-7.5725398056285105,-29.514967087940956,18.0682430267334,14.25221936667217,980,14.51867142304554,-2.1360690993788012e-13,-1.2367884494324244e-13
-84.09355,-4.26051800810164,144001,282.4201909959072,16,497,25085.932580045373,1.8472032742155524,0,5,1.952096543945623,-3.8774501269309697e-17,-3.2990932959260224,2.5057665315113633,0.999999827292121,-10.949397099258551,-49.15371179801128,18.06800079345703,134.10209825103544,990,138.67355222463794,2.220446049250313e-16,-4.440892098500626e-16
-62.608803,-4.071510052740839,144889,298.98536036036035,7,483,7890.7193802755455,1.5777027027027026,0,5,0.9421604881908936,-1.6003214769371626e-17,-0.36548170775223116,5.339449483460665,0.9999995677433411,-6.6378877980422875,-8.32892774947971,18.067106246948242,21.408012677764827,1000,25.276145546308076,-4.6407322429331543e-14,-3.8191672047105385e-14
-81.5228,-5.602530331337725,145961,267.84328358208955,16,488,9274.158275785254,1.6809701492537314,0,5,1.1762050289596793,7.953836594329479e-17,-2.762179652052112,6.295402575493721,0.9999995003783152,-7.134377248230133,-18.191460540302504,18.066299438476562,16.02423047247987,1010,16.070590048776758,-5.995204332975845e-15,4.440892098500626e-16
-114.864296,-6.573493560134172,147397,300.9025069637883,43,497,12802.383252768059,1.7040389972144847,0,5,1.169370873131028,2.9688415143179675e-17,-1.0049229199875769,9.1684218417488,0.9999992851964621,-7.586917697471491,-10.398663199455681,18.06606101989746,7.8286364174057725,1020,7.861490542177875,3.3306690738754696e-16,3.3306690738754696e-16
-114.890114,-6.217972927807845,148835,264.05146036161335,9,497,18977.64547422339,1.237134909596662,0,5,1.4757559080859097,0.0,-3.127729097676743,9.178738494090414,0.9999992847836338,-7.600410963204102,-16.346655664985555,18.06661033630371,7.819602178374518,1030,7.819759007023697,-1.390665360645471e-12,-2.3037127760972e-12
-142.31914,-11.559795902598303,150455,268.7388888888889,2,489,11072.136141975307,1.211111111111111,0,5,1.1258024691358024,3.947459643111668e-17,-9.516328449158696,6.54166899209279,0.999999500840714,-8.142920440742904,-46.27234170260857,18.06782341003418,16.053943274201185,1040,16.11952902393262,-1.2750911437819923e-11,-2.0027091096608274e-11
-79.27395,-4.214363086805525,151513,278.33175803402645,2,493,12531.20657176754,1.714555765595463,0,5,1.3192777327125047,2.3505667062007094e-17,-2.3688154760259486,6.435873603191209,0.9999994892809981,-7.134311528034682,-16.410705648574126,18.068872451782227,15.33543824067856,1050,15.687852906026224,-3.551092753184548e-11,-2.4618307392643146e-11
-133.07579,-6.959212392547533,153141,262.15909090909093,41,497,13349.413879271835,1.595823095823096,0,5,1.285043978532922,4.364513118919534e-18,-6.369369290159937,10.350394075203067,0.9999991994491034,-7.789466238469685,-23.701928942042258,18.068710327148438,6.241396124009709,1060,6.309046516543511,-2.220446049250313e-16,-1.3322676295501878e-15
-118.6613,-6.686240627489903,154569,213.4656862745098,1,483,11933.600363184489,1.5952380952380953,0,5,1.3893890889689209,9.951578932214288e-18,-5.997092451587988,7.951624640794781,0.9999993872994152,-7.888213505799046,-27.46414413402748,18.067771911621094,10.655236818066328,1070,10.658695033556256,-2.2910406904941283e-10,-4.134612652251235e-10
-170.25052,-10.690882598722444,156222,245.85783424077434,3,487,22026.088076858185,1.1312764670296431,0,5,1.1485257148545478,3.438803318863159e-17,-4.66225283363319,4.314881831459197,0.9999996893971981,-9.717407001447812,-39.73807960927865,18.066511154174805,41.461890144334944,1080,42.213014771021854,-3.6992631180510216e-13,-1.4195311592857252e-12
-78.39675,-3.496829962482431,157276,240.71157495256168,2,481,11808.482275887645,1.2703984819734346,0,5,1.5426341865631605,-2.6965568719548395e-17,-0.30670771790866086,6.429627108478748,0.9999994898185104,-7.139432400655839,-8.341781491116457,18.06582260131836,15.367767535484402,1090,17.819260323978973,-1.0191625321454012e-11,-8.262723838470265e-12
-102.04535,-8.999162451147907,158541,301.76758893280635,3,497,12131.31515505632,1.9359683794466402,0,5,1.0449118092768204,-3.9318570358266414e-17,-4.292227766054664,7.331592068340615,0.9999994247910574,-7.426569224177624,-22.3506320884961,18.06535530090332,12.089504818727754,1100,12.11440364898745,-1.2249090630689352e-11,-1.9035883980222934e-12
-64.63988,-5.011505131577193,159424,279.8493771234428,3,497,13721.593394289264,1.6749716874292186,0,5,1.220517411429429,2.4140749799323902e-17,-2.942570203139159,5.224236489800734,0.9999995799677255,-6.809685565945915,-20.820847951318022,18.065715789794922,22.67224625833022,1110,22.79752318140106,-1.3405498933138915e-11,-9.353628982466944e-12
-185.42473,-14.25593695879913,161246,295.27991218441275,1,497,14969.114843461002,1.6964873765093305,0,5,1.48252333655854,-1.5599181904722288e-17,-7.853808211051617,4.182767985827364,0.9999996957461829,-9.472797754187289,-61.099495434954704,18.022445678710938,43.21031828579697,1120,43.966448708351265,-5.5008886334917406e-11,-9.97648186285005e-10
-101.265335,-7.348347153282356,162525,278.5957779515246,7,497,9961.663813292369,1.3518373729476154,0,5,1.1224966240606513,8.333182983894843e-18,-3.03502569034951,7.290697167220745,0.9999994274605678,-7.400454863939729,-18.002433219198224,18.067472457885742,12.202500416863927,1130,13.698374447004593,-1.532107773982716e-14,-1.2878587085651816e-14
-77.68634,-2.9789545957306296,163575,278.67047619047617,3,482,14189.443795011337,1.1238095238095238,0,5,1.083718820861678,2.7068294695622864e-17,-0.3026809317723722,6.501925073361584,0.9999994842129087,-7.143360215504462,-8.317025297972911,18.06829833984375,15.035530344079909,1140,15.051610586014354,-2.610800464708518e-12,-8.424372310855688e-13
-100.5906,-7.499581161779372,164866,245.24012393493416,16,497,14835.888118962179,1.7761425251742835,0,5,1.4208405807710052,-2.201526679349652e-17,-1.8577487188406812,7.497471197006583,0.9999994081535185,-7.268859234571675,-13.546664406556928,18.06700325012207,11.419354222031798,1150,11.419967827582406,6.661338147750939e-16,6.661338147750939e-16
-99.57808,-7.686671148733097,166121,311.3816733067729,41,497,9157.866277678133,1.8358565737051793,0,5,0.8925788479547946,5.661695105658169e-18,-6.519321415849732,7.309244696106192,0.9999994255599715,-7.383273382752367,-30.081276364587048,18.064966201782227,12.121887127156379,1160,12.130879103850653,-1.7763568394002505e-15,0.0
-105.349976,-8.480070003844393,167396,253.75294117647059,16,479,10450.123275663207,1.043921568627451,0,5,1.1243454056132256,-1.1145768404080002e-17,-5.032400696326937,6.833998782105451,0.9999994687501342,-7.66414972831382,-26.60966038345997,18.063852310180664,14.173010435406391,1170,14.190568112785803,-2.220446049250313e-16,-1.9984014443252818e-15
-60.78596,-2.4803616490550042,168260,277.9166666666667,3,497,13229.877314814816,1.3680555555555556,0,5,1.2233314043209877,2.2615654205327262e-17,-0.34159546517375344,5.358994271610718,0.9999995685362504,-6.777040920945501,-8.360468141903237,18.063953399658203,21.486782458093575,1180,21.74385657717549,-4.596323321948148e-12,-3.2307490016592055e-12
-44.62426,-3.109559143374649,168954,283.38616714697406,2,497,17513.16211412768,1.57492795389049,0,5,1.5815615942329893,-2.047673590086744e-17,-0.42422355906710774,4.384202815854299,0.9999996360293392,-6.026751773743411,-8.357838981024482,18.06421661376953,30.19446628404019,1190,30.358902074602398,-4.179523394043372e-11,-9.157563596318141e-12
-117.46694,-8.130891658428386,170399,286.18062283737027,42,497,12751.644191999618,1.3487889273356402,0,5,1.3302493983549049,3.933800613204707e-17,-5.421617369089343,8.634721772005058,0.9999993276884931,-7.622778924429518,-23.751066019576854,18.063886642456055,8.849494828501992,1200,9.108806339453706,-1.3322676295501878e-15,0.0
-130.96283,-5.924662566221873,172016,242.81447124304268,16,497,11965.031751003658,1.0006184291898577,0,5,0.9888678921278975,-5.2730444212252334e-17,-0.2617020122293598,11.649905644470728,0.9999990981090415,-7.769363947758957,-8.349703542258112,18.06502914428711,4.917578466030346,1210,4.924154756903506,0.0,-3.552713678800501e-15
-113.33286,-5.381241113376407,173450,269.12691771269175,2,497,18870.481799843994,1.6094839609483962,0,5,1.0720439456981183,1.2387425658300212e-17,-0.2793091103987044,9.326966316521412,0.999999272246778,-7.565533072560751,-8.333126896047947,18.066686630249023,7.55251663319215,1220,7.5653257800340805,-9.688250202088966e-12,-8.939293749676835e-12
-131.40195,-6.506329134144735,175068,274.1458590852905,2,483,13040.013335757645,1.4029666254635351,0,5,0.9426858839294034,-3.2936158950560887e-18,-3.8774968613210445,11.57813138148577,0.9999991034061754,-7.759348852431174,-16.4087419576273,18.06757354736328,4.975864618241547,1230,4.984605238545745,-1.6131984637013375e-11,-1.2822631845210708e-11
-131.76349,-7.274557557605749,176692,251.39224137931035,4,497,20818.622624532865,1.8078817733990147,0,5,1.2561940352835546,0.0,-3.774875637841841,11.162087329208259,0.9999991339669283,-7.710369330969257,-16.42799762179214,18.067127227783203,5.333230588633344,1240,5.3379371077048265,-1.0151879337172431e-10,-1.0352541046643182e-10
-143.45349,-8.626180021002977,178136,291.6703601108033,1,479,11404.78053421935,1.3365650969529086,0,5,1.3784136862056,-1.9682624259282554e-17,-5.039198851364007,4.641369503745703,0.9999996620229935,-9.396808890339882,-39.21659172849033,18.068771362304688,35.01752405701685,1250,35.784897427103516,-1.32210242753672e-10,-2.7055002682629947e-10
-114.23075,-9.01635082829493,179219,211.47276084949215,3,497,16629.202166615938,1.945521698984303,0,5,1.460559353868951,0.0,-3.6224053659043878,3.5144076910188415,0.9999997477768191,-9.79834010209032,-38.52214958676528,18.06910514831543,62.87672709960628,1260,62.95238040613206,-1.2567724638756772e-13,-2.395861287141088e-13
-96.955246,-5.327849466982643,180473,274.5023923444976,16,497,12439.859244675412,1.4992025518341308,0,5,1.4062992045867895,-7.649383518948447e-17,-0.2949767181148651,7.570153230746904,0.9999994042847287,-7.349298235661166,-8.339626783209347,18.066038131713867,11.27151116230457,1270,12.54342300510213,1.1102230246251565e-16,1.1102230246251565e-16
-81.219826,-5.135260878493195,181558,254.8995391705069,42,494,8501.797280893627,1.1622119815668204,0,5,1.335899254602986,-8.513415267171708e-17,-0.3302411114331391,6.356795478662592,0.9999994939510072,-7.059730566716156,-8.364903917854537,18.063508987426758,15.619767487619239,1280,15.643208562725492,-1.7763568394002505e-15,-4.440892098500626e-16
-132.70477,-7.221185553757659,183190,251.37928921568627,9,497,16531.11410537714,1.735906862745098,0,5,1.2543969717176087,-6.530723674265627e-18,-0.2757164184133847,11.121612002029746,0.9999991377234148,-7.733193700839768,-8.37270080452543,18.06273078918457,5.379803685932611,1290,5.4539242797522105,-4.085620730620576e-14,-5.950795411990839e-14
-61.928368,-3.6911228532731095,184068,227.44191343963553,14,496,7665.433414106402,1.9749430523917995,0,5,1.0563197575770154,8.092741865149204e-18,-0.3596481739397679,5.300245198267583,0.9999995715176274,-6.674983319818641,-8.35368930395211,18.06463050842285,21.786813711674682,1300,22.25833726485701,-2.220446049250313e-16,-6.661338147750939e-16
-161.21509,-9.832850063755995,185695,250.3878303626306,4,497,21479.48265460429,1.7750460971112476,0,5,1.5412826499955234,3.4937565372346657e-17,-5.843184267619698,4.788205724145968,0.9999996508997251,-9.364814292770106,-42.84049697808559,18.066869735717773,32.82158896647279,1310,33.84680894740028,-5.754285936632186e-12,-2.457833936375664e-11
-118.27754,-5.908911553326925,186951,264.8869426751592,6,489,12473.359829506267,1.0469745222929936,0,5,1.1307551776948355,4.5257499093000014e-17,-4.430820487215918,4.614151354300624,0.999999659038786,-8.993591505775239,-34.983762821286874,18.071956634521484,34.40724018771996,1320,34.451734721268416,-1.509903313490213e-14,-1.9095836023552692e-14
-113.41984,-6.165485221501821,188392,313.2026370575989,16,483,13518.453039541417,1.0444136016655101,0,5,1.1472293750821703,4.930900317557947e-17,-0.2775985877802467,9.065708625580237,0.9999992906051287,-7.485836404817006,-8.268471354373137,18.073152542114258,7.9484703616033405,1330,8.417951560844422,-2.220446049250313e-15,-4.440892098500626e-16
-95.93873,-4.920492448343482,189640,265.8517628205128,1,483,11809.042929584772,1.236378205128205,0,5,1.100375344140368,0.0,-0.33181297179903674,7.602691080676244,0.9999994014306666,-7.3325554053704876,-8.440755217244739,18.070316314697266,11.164279330989022,1340,11.169628258142453,-1.1417400358482155e-10,-5.121991719647667e-11
-96.558105,-5.041393738335676,190889,239.40672538030424,13,497,11917.096383912574,1.7870296236989591,0,5,1.5158926180175527,5.688893000481186e-18,-0.29402312935476493,7.584972201921851,0.9999994035415701,-7.367562244947315,-8.353456137776725,18.065799713134766,11.243442470917023,1350,11.256206703694586,-2.4424906541753444e-15,-1.9984014443252818e-15
-133.34532,-7.532044770783112,192528,287.31482611348383,9,497,11860.972269509117,1.900549115314216,0,5,0.8656433836462581,2.167610542282185e-17,-0.295060382935387,11.078310513930145,0.9999991407058324,-7.7221768733093965,-8.408915955814809,18.0624942779541,5.41721163302954,1360,5.443538555413574,-1.4832579608992091e-13,-5.493383525845275e-13
-137.28064,-9.250770675940547,194185,209.3572721786361,6,496,15156.561553934975,1.1412190706095353,0,5,1.007214687674936,-8.576255108751964e-18,-7.402162780154624,10.15497583795109,0.9999992141638968,-7.782435262436859,-26.6213806992262,18.062583923339844,6.477324738657078,1370,6.477998393665092,-6.992184609089236e-13,-8.479883462086946e-13
-64.76229,-5.21757395529195,195078,280.6842105263158,3,497,14656.796133671243,1.5890257558790593,0,5,1.3350195435695573,-2.3870416654874585e-17,-2.6146863005654124,5.282587320792497,0.9999995738468399,-6.72637048707753,-18.997479575288157,18.065593719482422,22.02563140796831,1380,22.495496887465862,-8.846257060213247e-13,-4.360956040727615e-13
-113.402916,-5.6048987362482166,196512,264.89121338912133,3,482,13411.536282628107,1.1304044630404464,0,5,0.9850867262283378,-2.972982157992051e-17,-0.28175340949583166,9.173033163788132,0.9999992840571199,-7.556381635500686,-8.343454541053951,18.068655014038086,7.803741502320864,1390,7.924514681670874,-3.2147617901046033e-12,-1.6564527527407336e-12
-113.11359,-5.481295445912001,197945,319.4759246336357,12,497,14092.224298255309,1.7138869504535938,0,5,1.036073726228872,3.96674241875841e-17,-0.26787491281265324,9.206234884086564,0.9999992813176786,-7.549227557269272,-8.294689053405538,18.070531845092773,7.74436275532141,1400,7.744605928857907,-1.156852391659413e-13,-1.545430450278218e-13
-115.742065,-7.337207040001934,199389,312.4058171745152,16,497,12478.508442614775,1.9127423822714682,0,5,1.1488958034392,0.0,-4.187778479701518,9.057067326526065,0.9999992932008273,-7.558072647674636,-19.408051267401017,18.070327758789062,8.006956984797556,1410,8.006959035492178,2.220446049250313e-16,-1.7763568394002505e-15
-79.51579,-4.843629906915202,200459,256.28504672897196,41,494,16274.682299764172,1.4710280373831777,0,5,0.8547681020176435,-7.968703578617945e-17,-0.3256462205098927,6.310634320113106,0.999999497002215,-7.023974307479489,-8.318796151967938,18.0681209564209,15.809845325471818,1420,15.90063630464807,-6.661338147750939e-16,-2.220446049250313e-16
-99.47465,-7.098534383320931,201712,257.3224261771748,16,494,11777.798675039441,1.3168395849960095,0,5,1.0831721346820304,1.701219638691381e-17,-4.168564550262644,7.611114485284796,0.9999994029085445,-7.429046823662746,-21.391946227515863,18.064916610717773,11.21961500880051,1430,11.258269447286443,-9.992007221626409e-15,-2.220446049250313e-15
-115.03593,-6.676730634871612,203160,214.30662983425415,12,496,12722.519237813252,1.7444751381215469,0,5,1.0355357742437654,1.2267657730664713e-17,-0.2955694950827344,8.997172667561122,0.9999992968887682,-7.529480104817079,-8.370228999908338,18.062976837158203,8.091174242071125,1440,8.094128519276643,-3.3217872896784684e-13,-2.6696422850136514e-12
-131.28603,-6.13530398098536,204779,208.05744286596664,3,479,18553.08070278781,1.4508956145768994,0,5,0.9665510817534673,5.48596923841955e-18,-0.2853316551083016,11.538102567400657,0.99999910665893,-7.7680194363055595,-8.40680553224928,18.063316345214844,5.012157349062682,1450,5.026114943019301,-4.032085776373151e-11,-1.0899969815625354e-10
-97.63377,-5.894592454961914,206043,269.1060126582278,6,497,9929.653318278322,1.3813291139240507,0,5,1.264398233456177,2.2485529612661398e-17,-0.30308633212056973,7.539136891461944,0.9999994057128511,-7.304481256781596,-8.324481242982607,18.06755256652832,11.32575396923961,1460,11.38489627165018,-1.1146639167236572e-13,-1.4011014570769476e-13
-127.99951,-10.235611774681772,207318,287.89960784313723,12,484,11727.842470434445,1.0392156862745099,0,5,1.4870895809304114,-2.2291536808160005e-17,-4.084048261269166,4.236742860955288,0.999999690607873,-9.316664218096728,-35.71712840028728,18.070863723754883,41.78700937862809,1470,42.75860851351158,-1.1102230246251565e-15,8.881784197001252e-16
-96.00505,-5.244047250877747,208570,269.1038338658147,16,483,16710.946087537894,1.626996805111821,0,5,1.3744468913635948,1.7025784403197288e-17,-0.2970489160786265,7.556042675786275,0.9999994041526695,-7.291166537209993,-8.288230294102235,18.071176528930664,11.266517717611869,1480,12.354213520202881,-2.220446049250313e-16,-2.220446049250313e-16
-78.99969,-4.511885287327499,209635,305.6629107981221,7,497,21657.021582137586,1.5098591549295775,0,5,1.4386351914302715,5.337410221672114e-17,-0.3223032191905047,6.322411904890974,0.999999496320427,-7.036526430775617,-8.316320771072164,18.06836700439453,15.767069258117804,1490,15.781677400723197,-1.354472090042691e-14,-3.3306690738754696e-15
-131.39449,-6.411051328237052,211256,238.3997532387415,3,483,17791.89325101869,0.9599012954966071,0,5,1.029237251207452,-8.766720984085135e-18,-0.3222142087242954,11.394454317556237,0.9999991171986744,-7.749816750947567,-8.479792211832187,18.064491271972656,5.132555975641657,1500,5.211216671297501,-1.0758061108617767e-12,-1.779687508474126e-12
-96.676895,-4.699811120634916,212501,306.40080321285143,3,497,10352.50361381268,1.5775100401606426,0,5,1.1692933984935727,6.848604682025063e-17,-0.28359816311698316,7.633566328708689,0.9999994010124414,-7.4254664336003255,-8.372391456419265,18.062761306762695,11.148696969464154,1510,11.183883982224417,-5.617728504603292e-13,-5.60218538225854e-13
-115.81547,-6.741715164750748,213954,234.6228492773572,16,481,11324.991962425322,1.7350309704060565,0,5,0.8238038015184665,1.956070848616931e-17,-0.2864702798890602,9.033825487118603,0.9999992946910733,-7.553195171180019,-8.365519636927957,18.063447952270508,8.040827422490706,1520,8.045738100201664,-7.549516567451064e-15,-1.7763568394002505e-15
-62.536957,-4.008824658662183,214840,177.56772009029345,7,479,8774.362795479214,1.317155756207675,0,5,1.0427530840921482,-2.0049174259596507e-17,-0.36422729682362726,5.329182298557087,0.9999995687856205,-6.6511304680969365,-8.340438561978116,18.065956115722656,21.511627718756532,1530,21.8126109960262,-8.149037000748649e-14,-2.8199664825478976e-14
-96.40198,-5.196819657106788,216091,244.61710631494805,31,484,12364.468100659362,1.6370903277378097,0,5,1.574131901513162,5.679798047642687e-18,-0.2932709575868767,7.555059024647594,0.9999994051208233,-7.332120669210683,-8.318105782839657,18.06818962097168,11.303217244176972,1540,11.384700548617435,-6.639133687258436e-14,-2.4424906541753444e-15
-96.53538,-5.515946840607755,217347,279.1496815286624,3,497,20506.318359771187,1.697452229299363,0,5,1.2412673942147756,3.394312431975001e-17,-0.33669570877036964,7.528065965637304,0.9999994063007823,-7.29068727568051,-8.424832355280088,18.069171905517578,11.348195073496239,1550,11.348585069950776,-4.640066109118379e-12,-2.3699930906673217e-11
-113.72789,-5.733216561030581,218784,245.6750173973556,9,484,12236.693968771444,1.650661099512874,0,5,1.1973777814582205,9.889251715519836e-18,-0.272587334292878,9.202839566842124,0.9999992816951129,-7.555183397631605,-8.314157718514792,18.068584442138672,7.7525039158346365,1560,7.76247350718287,-5.262457136723242e-13,-5.273559366969494e-13
-44.91098,-3.250368070415921,219482,218.3080229226361,16,486,6135.244663426409,1.7163323782234956,0,5,1.5642318207568082,-5.089847677364615e-17,-0.4217877745444659,4.387666958351774,0.9999996356079199,-6.0151367860641045,-8.330158585393454,18.066984176635742,30.12465100892372,1570,31.093254556349546,-2.886579864025407e-15,-8.659739592076221e-15
-96.196976,-4.517761212961525,220726,190.16237942122186,3,483,14214.41575511006,1.2821543408360128,0,5,0.9710320147641155,-1.1423516652091643e-17,-0.3105268754539219,7.673579919316949,0.9999993974483345,-7.406028500344739,-8.436758251436295,18.064250946044922,11.017199041295022,1580,11.296944856851516,-2.7409186031945865e-12,-1.3962164757685969e-12
-79.179016,-4.10289732884813,221785,221.87818696883852,3,479,7086.089977449462,1.7648725212464589,0,5,0.9352721981023308,2.0128689398303122e-17,-0.3134138255774588,6.349842467992145,0.9999994958630699,-7.128085056486407,-8.371452683264712,18.062854766845703,15.738474174852435,1590,15.760260837502967,-2.19824158875781e-13,-1.8385293287792592e-13
-115.77629,-6.791403593106179,223227,325.0,3,483,10454.700416088766,1.5298196948682385,0,5,1.3850331158950528,4.927480830513871e-18,-1.8827205854781668,9.131580065627285,0.9999992884878075,-7.6049945580056315,-12.897160194378152,18.063095092773438,7.901235554250572,1600,7.937842097472916,-5.39124300757976e-13,-3.2218672174622043e-13
-171.4188,-10.134544525539399,224679,372.58402203856747,46,497,6754.240185476098,2.2196969696969697,0,5,1.5460858585858586,-1.957418004848761e-17,-4.653542455809571,3.6887512930659163,0.999999747715436,-11.177528443046132,-48.068744757558655,18.06525421142578,62.84612264519851,1610,65.97386132078249,-6.661338147750939e-16,-6.661338147750939e-16
-113.90273,-6.126639150185985,226119,265.675,12,497,13446.049930555555,1.854861111111111,0,5,1.0921291473765433,5.427757009278543e-17,-0.2806014117890689,9.063587256537236,0.9999992917705007,-7.526997397595586,-8.319400543065536,18.06805992126465,7.974651734763559,1620,11.827419786810472,-1.5543122344752192e-15,-1.7763568394002505e-15
-96.267845,-5.1711851546627345,227371,268.37939297124603,12,494,6635.286572155477,2.023961661341853,0,5,0.5984673723320642,-5.675261467732429e-18,-0.2932436554617154,7.542980739109133,0.9999994057593966,-7.3173945190798335,-8.304347390038131,18.069564819335938,11.327528962722736,1630,11.33399767528548,-9.769962616701378e-15,-1.3322676295501878e-15
-97.2054,-5.923864495121604,228622,266.4828137490008,16,497,12168.091431251481,1.9136690647482015,0,5,1.2747212302100766,1.1359596095285374e-17,-2.6839423608901662,7.521969563455887,0.9999994080189487,-7.344037010084396,-16.411698632877336,18.068830490112305,11.414159715580727,1640,11.416977616932794,-1.1102230246251565e-15,-2.220446049250313e-16
-166.63528,-8.328431355562747,230622,241.406,43,483,9653.291164,1.383,0,4,1.070311,3.019806626980426e-17,-0.3268621682160951,6.188426383909259,0.9999982730622028,-7.956984346466948,-8.335529559930379,-0.7900486588478088,1.3412377303814942,1650,1.397414781002836,-1.3322676295501878e-15,-1.199040866595169e-14
-131.98256,-6.852769142130948,232248,321.94710947109473,11,497,12296.288715507082,1.4587945879458795,0,5,1.4069737007333174,1.0924703809349634e-17,-0.26727107811037276,11.194227594726103,0.999999132308767,-7.73770299533307,-8.353754276104043,18.064624786376953,5.312870161025112,1660,5.32587860370409,-4.6629367034256575e-15,-1.7763568394002505e-15
-97.56255,-5.746477939492577,233507,233.68149324861,16,487,9015.297282599438,1.7879269261318507,0,5,0.9677335101486928,-1.6931121582845915e-17,-0.30202346059853474,7.512386438340298,0.9999994085307079,-7.338421161222633,-8.35968672639435,18.06403160095215,11.433922515764143,1670,11.481616569362112,-1.3322676295501878e-15,-2.220446049250313e-15
-96.07826,-4.1727898606768585,234748,257.6035455278002,2,497,12171.265869782173,1.927477840451249,0,5,1.0019927523292607,2.2902263844000005e-17,-0.2793867167646541,7.75998073985804,0.9999993914606564,-7.439384868058216,-8.357605332200263,18.064239501953125,10.801456376393464,1680,10.802663200336543,-2.276179245086496e-12,-3.517186542012496e-13
-148.98979,-7.460292531932835,236560,222.34878587196468,41,483,12900.918083514856,1.238962472406181,0,5,0.998636451130311,1.764592886821441e-17,-0.2821525965824921,14.715501821183109,0.9999988644123429,-7.851849815741934,-8.34877728826881,18.065122604370117,3.1018298668000965,1690,3.1310075845402108,-1.1102230246251565e-14,-8.226086478657635e-12
-114.13344,-5.769523363038836,237999,245.3293954134816,12,497,12445.114570239062,1.2661570535093816,0,5,1.1195704298164748,0.0,-0.27546766864251226,9.222907840890233,0.999999280499304,-7.570595686137164,-8.336314553101516,18.066368103027344,7.726754873972381,1700,7.748693973550017,-1.2212453270876722e-14,-3.1530333899354446e-14
-96.415054,-5.07728268401457,239250,229.32454036770582,9,483,11432.243194732782,1.562749800159872,0,5,0.9558945968724619,-1.1359596095285374e-17,-0.3001311762574728,7.600407072611941,0.9999994017542441,-7.341767201442252,-8.345126413380015,18.067211151123047,11.176361928991264,1710,11.192650683795593,-4.551914400963142e-14,-2.864375403532904e-14
-113.71681,-5.476145241461242,240683,323.30076762037686,8,497,12092.951409040907,1.4584787159804606,0,5,1.4932166668533406,-1.983371209379205e-17,-0.2667811547888832,9.229119328699754,0.9999992806136926,-7.591644431079632,-8.333335512957742,18.066665649414062,7.7292138677520095,1720,7.738661907685878,-2.7977620220553945e-14,-3.019806626980426e-14
-96.542274,-5.044214712671161,241932,290.77662129703765,41,497,10784.772359761308,1.5132105684547639,0,5,1.3322914536593247,3.4133358002887116e-17,-0.29017834872063203,7.575146941814198,0.999999404283703,-7.366091276349138,-8.340308064298647,18.065969467163086,11.271475046317596,1730,11.286931833106742,-6.217248937900877e-15,-8.881784197001252e-16
-96.714584,-5.0577291814887975,243182,198.7928,41,496,7737.32906816,1.7504,0,5,1.3424998399999999,1.4210854715202004e-17,-0.29103165282132054,7.59295952160338,0.9999994030271951,-7.373010719525308,-8.348035806488326,18.065196990966797,11.224076812514468,1740,11.238594882414121,-8.881784197001252e-16,-1.1324274851176597e-14
-79.15558,-4.218724910689404,244244,281.07909604519773,3,497,18948.41558939002,1.0875706214689265,0,5,1.3002409907753198,-1.6726523911490116e-17,-0.3172273033446518,6.3534717252788315,0.9999994949687353,-7.095925457373768,-8.352193826504926,18.064781188964844,15.682791818140789,1750,15.707658261444175,-2.1294077612310502e-12,-6.612488334667432e-13
-96.77681,-5.3431682578476245,245497,199.68395849960095,3,494,8169.842655679043,1.5810055865921788,0,5,1.472488374270466,-2.2682928515885083e-17,-0.30112954646201545,7.542368772440116,0.999999406215936,-7.339822725650188,-8.354095810718363,18.064590454101562,11.34495401751502,1760,11.356373436533781,-1.6364731791895792e-10,-3.700595385680572e-12
-104.553604,-9.807714758582947,246755,208.63195548489665,16,496,8441.046578211055,1.7798092209856915,0,5,1.4674142720294407,1.129638689602703e-17,-10.021974322192738,5.561577445021815,0.9999995667628021,-7.609433655547318,-53.87491894943744,18.065080642700195,21.311206035208585,1770,21.33160831262224,-9.015010959956271e-13,-3.5924596630820815e-12
-114.58734,-6.2836992114860815,248198,268.73735273735275,8,497,8362.743906228314,1.9057519057519057,0,5,1.1747624803757861,-1.969626433153431e-17,-0.27946465015132355,9.056455602840444,0.9999992928804088,-7.548997009555919,-8.339428299742385,18.066057205200195,7.999710531314094,1780,8.00057949154211,-2.6867175151323863e-11,-9.035217019004449e-12
-96.41802,-5.041127397761545,249447,286.5964771817454,8,497,13646.770716172618,1.6044835868694955,0,5,1.4176260143422985,5.688893000481186e-18,-0.28936308097968755,7.572020010226421,0.9999994043308409,-7.356366844382513,-8.327924603308851,18.06720733642578,11.273289590220209,1790,11.28366103890462,-5.484501741648273e-14,-2.683919753110331e-11
-96.283035,-4.952456519787257,250696,258.5420336269015,3,497,15208.001635896386,1.7966373098478783,0,5,1.238067155085157,0.0,-0.2907352509826577,7.602883337969216,0.9999994018081232,-7.351947877353764,-8.32399486908158,18.06760025024414,11.17837518179737,1800,11.190334920886464,-1.1546319456101628e-14,-1.2394529846915248e-12
-97.07893,-5.4900220683543255,251952,298.0015923566879,16,488,12329.450634407076,1.2635350318471337,0,5,0.9679696691549353,5.657187386625002e-18,-0.2961480691569563,7.553133042953858,0.9999994053269378,-7.335820411719941,-8.33182334312086,18.066818237304688,11.311055380294714,1810,11.311087457330737,6.661338147750939e-16,-2.220446049250313e-16
-114.47778,-6.339148173788977,253395,244.94802494802494,9,497,14727.346570943246,1.5343035343035343,0,5,1.0651780838891027,-1.2310165207208943e-17,-0.2899931962135902,9.045103831117833,0.9999992934528745,-7.537945479832433,-8.358817827659072,18.065732955932617,8.01267115348608,1820,8.023934600415494,-8.881784197001252e-16,-1.5543122344752192e-15
-114.74739,-6.39891376140091,254838,256.44975744975744,41,497,17857.00839044706,1.6763686763686763,0,5,1.162761033862905,4.924066082883577e-18,-0.28051870164062453,9.018100063556277,0.9999992959539163,-7.552901088380369,-8.349777454207432,18.065021514892578,8.069700685055608,1830,8.072981707840095,-1.9984014443252818e-15,-4.440892098500626e-16
-97.513145,-5.8115711855645085,256097,257.2216044479746,16,476,15739.50529972916,1.3534551231135823,0,5,1.2388502543403141,3.104038956855084e-17,-0.3004317364320694,7.497693721573648,0.9999994095165751,-7.329843432626654,-8.34742247469402,18.065258026123047,11.472136365081225,1840,11.490761187632959,-4.440892098500626e-16,-1.1102230246251565e-15
-43.40555,-2.785684213934542,256786,210.5921625544267,3,497,29364.348908095493,1.7082728592162555,0,5,1.4635164654607653,0.0,-0.4384782654672459,4.377999005750314,0.9999996351961159,-5.935912989666285,-8.339825862722755,18.066017150878906,30.056669962165376,1850,30.794548195122324,-3.1086244689504383e-15,-2.19824158875781e-13
-112.940636,-5.220903987104866,258211,265.94877192982455,1,497,17650.657726562018,1.3459649122807018,0,5,1.2620626654355187,0.0,-3.2065015453479497,9.441431020996294,0.9999992643088167,-7.595917005220098,-16.312892643608535,18.07091522216797,7.390410947213026,1860,7.661656274070162,-5.258016244624741e-13,-2.313482738713901e-12
-113.110695,-5.7908911894307105,259648,268.4001391788448,1,497,18927.804398032127,1.5400139178844816,0,5,1.3033745300776913,-3.708469393319938e-17,-0.2769679288212755,9.125013990382742,0.9999992865889551,-7.508621609095583,-8.28501005666541,18.072736740112305,7.8592262019025565,1870,7.860728660104211,-8.308909116294672e-13,-2.3294699502685035e-12
-97.19051,-5.9972237445476795,260911,223.9366587490103,1,487,7152.333280047443,1.7862232779097387,0,5,1.276548127502478,0.0,-0.37083805455817015,7.481326679945736,0.9999994094855381,-7.267855041259521,-8.523795136170943,18.07047462463379,11.470925420655577,1880,11.486555405303365,-9.470202400052585e-13,-9.050538096744276e-13
-78.84568,-4.068101035885987,261970,292.9112370160529,9,497,13709.121488460347,1.7639282341831917,0,5,1.4173579400810177,-1.3419126265535415e-17,-0.3435774062711445,6.354802071540533,0.9999994949645876,-7.099563455165195,-8.4601708309986,18.066205978393555,15.682532526460028,1890,15.692622957284593,-1.3322676295501878e-15,-1.3322676295501878e-15
-79.33015,-3.965148581101181,263030,248.30188679245282,46,489,6091.271128515486,2.1915094339622643,0,5,0.8397392310430757,0.0,-0.3117908821828273,6.397937099978184,0.9999994924231436,-7.147312610804445,-8.37585925464985,18.062414169311523,15.525876874768372,1900,15.525891583769818,4.440892098500626e-16,4.440892098500626e-16
-168.51627,-9.183211964548324,265030,263.87,12,496,8604.8231,1.8645,0,5,1.1901397499999997,2.842170943040401e-17,-7.185710166556897,6.080939772914706,0.999998304638872,-8.01256823380974,-16.48947280053487,-0.8389472365379333,1.3916650087400269,1910,1.4830547498125886,-2.4424906541753444e-15,-2.4424906541753444e-15
-79.126854,-4.083368683785215,266089,285.6525023607177,3,483,15032.689443690975,1.6978281397544854,0,5,1.6650661045528188,-2.683825253107083e-17,-0.31341672576791724,6.358711470111126,0.9999994951037032,-7.124817844299745,-8.366327279864095,18.06336784362793,15.691168776838968,1920,16.046041734555114,-2.886579864025407e-15,0.0
-96.52379,-4.98772416831442,267339,258.7808,1,497,12148.057551360002,1.5824,0,5,1.36481024,-5.684341886080802e-18,-0.3465458871954656,7.632988954193067,0.9999993996805353,-7.3627861597623445,-8.517291972590364,18.066970825195312,11.099282787337959,1930,11.10921384230931,-5.522249324485529e-13,-4.0190073491430667e-13
-112.9072,-5.166460086740177,268769,294.606993006993,9,497,19104.92106997897,1.6,0,5,1.470769230769231,4.9688303200007006e-18,-0.3374236639276016,9.307842916333334,0.9999992739756537,-7.570446379336626,-8.49995768705135,18.07012939453125,7.588520737747141,1940,7.601484514721243,-2.220446049250313e-16,-2.220446049250313e-15
-79.850266,-4.801597512469411,269848,276.8813716404078,14,497,17947.71901350322,1.9768303985171456,0,5,1.2496948655819542,1.975559042891845e-17,-0.32845088761917207,6.397026598190917,0.9999994896908155,-6.999891709405335,-8.287154430264795,18.071285247802734,15.360060403750161,1950,15.471986314594666,-4.440892098500626e-16,-4.440892098500626e-16
-96.334885,-5.189172267912726,271099,245.66746602717825,8,494,18528.234744897927,1.4060751398880895,0,5,1.6080845954731022,1.1359596095285374e-17,-0.293060599415941,7.559025965981718,0.9999994047101777,-7.327308625721419,-8.311907642524538,18.068809509277344,11.287629989695244,1960,11.305672557252299,-8.881784197001252e-16,-1.3322676295501878e-15
-96.120316,-4.60235720641067,272344,200.48915662650603,16,494,7996.746267963419,1.3453815261044177,0,5,1.3104304769277917,5.7071705683542186e-18,-0.29002676892196183,7.67477064831416,0.9999993969419563,-7.387807595370777,-8.349660629103756,18.065032958984375,10.998702371394833,1970,10.999065741470432,4.440892098500626e-16,-8.881784197001252e-16
-79.76354,-4.256427787568635,273409,256.6967136150235,3,491,11351.516468072914,2.0535211267605633,0,5,1.6130979303048336,6.6717627770901424e-18,-0.31763703622065603,6.397673886007581,0.999999492082501,-7.129836389478961,-8.380578750419835,18.06194305419922,15.505053258606754,1980,15.519898050397456,-1.1102230246251565e-15,2.220446049250313e-16
-132.82346,-7.103308917467598,275038,330.26151012891347,43,497,15038.992385933137,1.5150399017802332,0,5,1.4566491850254046,5.234200631750278e-17,-0.2713802483469201,11.122941817248545,0.9999991384947521,-7.761230523192671,-8.39124440554842,18.060874938964844,5.38943917858606,1990,5.446866190265328,-2.220446049250313e-16,-2.220446049250313e-15
-97.55052,-5.727376215124506,276296,319.6454689984102,16,497,21256.813894414383,1.4594594594594594,0,5,1.5567825377046363,0.0,-0.30411277759605676,7.5142032098668965,0.9999994085022078,-7.344664451394792,-8.372944587522388,18.062705993652344,11.43281801194638,2000,11.483932573081562,-4.440892098500626e-16,-4.440892098500626e-16
